date,Close,High,Low,Open,Volume,aVWAP_peak_543,aVWAP_valley_558,SMA_50
2022-01-03 00:00:00+00:00,11.5791575747,11.6093312753,11.5565272993,11.5565272993,77463,,,
2022-01-04 00:00:00+00:00,11.594244425,11.6319615506,11.5876816451,11.6168747004,48813,,,
2022-01-05 00:00:00+00:00,11.6244181255,11.6696786763,11.6017878501,11.6017878501,84355,,,
2022-01-06 00:00:00+00:00,11.6319615506,11.6621352512,11.594244425,11.6621352512,63025,,,
2022-01-07 00:00:00+00:00,11.6395049758,11.6771466672,11.6017878501,11.6470484009,79601,,,
2022-01-10 00:00:00+00:00,11.7752866281,11.7903734784,11.6244181255,11.6319615506,52519,,,
2022-01-11 00:00:00+00:00,11.8808945799,11.8808945799,11.7601997779,11.7979169035,58056,,,
2022-01-12 00:00:00+00:00,12.001589382,12.001589382,11.8808945799,11.8808945799,75168,,,
2022-01-13 00:00:00+00:00,11.9789591066,12.0393065077,11.9751873941,12.001589382,55065,,,
2022-01-14 00:00:00+00:00,11.9487854061,11.9676439689,11.9186117056,11.9563288312,45405,,,
2022-01-18 00:00:00+00:00,11.7979169035,11.9299268433,11.7828300532,11.8507208794,59761,,,
2022-01-19 00:00:00+00:00,11.8054603286,11.8431774543,11.7903734784,11.828090604,57838,,,
2022-01-20 00:00:00+00:00,11.8733511548,11.9638722564,11.8431774543,11.8431774543,210772,,,
2022-01-21 00:00:00+00:00,11.741341215,11.89303813,11.6806624491,11.89303813,92581,,,
2022-01-24 00:00:00+00:00,11.5441352256,11.6806624491,11.2710807788,11.6806624491,98151,,,
2022-01-25 00:00:00+00:00,11.5137958426,11.6882472948,11.3865979795,11.4455322309,96228,,,
2022-01-26 00:00:00+00:00,11.5517200714,11.6503230661,11.4986261512,11.5517200714,40440,,,
2022-01-27 00:00:00+00:00,11.6123988373,11.6880955979,11.5251731113,11.5593049171,39754,,,
2022-01-28 00:00:00+00:00,11.5668897629,11.5820594544,11.4986261512,11.5820594544,24004,,,
2022-01-31 00:00:00+00:00,11.6806624491,11.6882472948,11.5517200714,11.5517200714,44106,,,
2022-02-01 00:00:00+00:00,11.7261715235,11.7337563693,11.6123988373,11.6654927576,52799,,,
2022-02-02 00:00:00+00:00,11.741341215,11.7489260608,11.7034169863,11.711001832,59859,,,
2022-02-03 00:00:00+00:00,11.6275685288,11.6730776033,11.5365503799,11.6730776033,74893,,,
2022-02-04 00:00:00+00:00,11.6048139916,11.7185866778,11.5744746086,11.5744746086,39725,,,
2022-02-07 00:00:00+00:00,11.5896443001,11.6730776033,11.5744746086,11.5972291459,19196,,,
2022-02-08 00:00:00+00:00,11.6199836831,11.6579079118,11.5668897629,11.5668897629,19880,,,
2022-02-09 00:00:00+00:00,11.6958321406,11.7337563693,11.6275685288,11.6503230661,27190,,,
2022-02-10 00:00:00+00:00,11.4455322309,11.6427382203,11.4455322309,11.6427382203,77878,,,
2022-02-11 00:00:00+00:00,11.23315655,11.5062109969,11.2104020128,11.4682867682,80215,,,
2022-02-14 00:00:00+00:00,11.1042141724,11.2862504703,11.0822939682,11.263495933,56001,,,
2022-02-15 00:00:00+00:00,11.1800626298,11.1952323213,11.0966293266,11.0966293266,116274,,,
2022-02-16 00:00:00+00:00,11.3355519676,11.3355519676,11.1448461808,11.1753591067,63800,,,
2022-02-17 00:00:00+00:00,11.2745261158,11.3508084306,11.2440131899,11.3508084306,71258,,,
2022-02-18 00:00:00+00:00,11.2592696529,11.2821543473,11.2058720326,11.2058720326,78118,,,
2022-02-22 00:00:00+00:00,11.099076792,11.152169283,11.0876344448,11.0914485605,87454,,,
2022-02-23 00:00:00+00:00,11.1219614864,11.1539237763,11.0914485605,11.099076792,59334,,,
2022-02-24 00:00:00+00:00,11.099076792,11.1143332549,10.8473451534,10.969396857,164612,,,
2022-02-25 00:00:00+00:00,11.1601026438,11.1791732224,11.0378983756,11.0685638661,77610,,,
2022-02-28 00:00:00+00:00,11.1982438011,11.228756727,11.1297422825,11.1601026438,97253,,,
2022-03-01 00:00:00+00:00,11.1601026438,11.2135002641,11.1524744123,11.1982438011,110263,,,
2022-03-02 00:00:00+00:00,11.2363849585,11.2440131899,11.1829873382,11.2058720326,44072,,,
2022-03-03 00:00:00+00:00,11.2058720326,11.2575151597,11.1906155696,11.2363849585,26559,,,
2022-03-04 00:00:00+00:00,11.1372179493,11.2516414214,11.1143332549,11.1982438011,67472,,,
2022-03-07 00:00:00+00:00,10.9617686255,11.159187256,10.954140394,11.1143332549,30083,,,
2022-03-08 00:00:00+00:00,10.9465121625,11.0075380143,10.8778580793,10.969396857,47311,,,
2022-03-09 00:00:00+00:00,10.9770250884,10.9999097828,10.9388839311,10.9846533199,33296,,,
2022-03-10 00:00:00+00:00,10.9236274681,10.9758808537,10.824460459,10.824460459,44938,,,
2022-03-11 00:00:00+00:00,10.8168322275,10.9465121625,10.8168322275,10.9465121625,123825,,,
2022-03-14 00:00:00+00:00,10.6108699778,10.8702298478,10.5956135148,10.7786910701,94907,,,
2022-03-15 00:00:00+00:00,10.6108699778,10.679524061,10.5805096165,10.5956135148,50270,,,11.420913737486
2022-03-16 00:00:00+00:00,10.7863193016,10.8397169219,10.6261264407,10.6261264407,49662,,,11.405056972024
2022-03-17 00:00:00+00:00,10.9312556996,10.9312556996,10.7252934498,10.7252934498,59449,,,11.391797197516
2022-03-18 00:00:00+00:00,10.9846533199,10.9922815514,10.9388839311,10.9388839311,18038,,,11.379001901404
2022-03-21 00:00:00+00:00,10.9312556996,10.9770250884,10.9083710052,10.9770250884,24987,,,11.364987784384
2022-03-22 00:00:00+00:00,10.9274415839,10.9965054703,10.9274415839,10.9504628793,41524,,,11.350746516546002
2022-03-23 00:00:00+00:00,10.835356402,10.9143961831,10.835356402,10.9120940535,45566,,,11.331947912024003
2022-03-24 00:00:00+00:00,10.7509449852,10.8430301671,10.7432712201,10.8430301671,168582,,,11.309348920129999
2022-03-25 00:00:00+00:00,10.689554864,10.7739662807,10.6358385079,10.7279236898,237572,,,11.283108229769999
2022-03-28 00:00:00+00:00,10.6818810988,10.7432712201,10.6742073337,10.6818810988,34340,,,11.257166669614001
2022-03-29 00:00:00+00:00,10.8813989929,10.8813989929,10.689554864,10.689554864,105756,,,11.235818941349999
2022-03-30 00:00:00+00:00,10.8660514626,10.8890727581,10.7969875762,10.8046613413,29200,,,11.217181632531998
2022-03-31 00:00:00+00:00,11.0195267657,11.0195267657,10.8890727581,10.8890727581,64077,,,11.201462961273998
2022-04-01 00:00:00+00:00,11.1116119476,11.1730020689,10.9888317051,10.9888317051,100555,,,11.186228177130001
2022-04-04 00:00:00+00:00,11.1499807734,11.1723881677,11.1063937873,11.1116119476,39539,,,11.174400968298
2022-04-05 00:00:00+00:00,11.0885906522,11.1881961239,11.0885906522,11.1730020689,32340,,,11.165290076829999
2022-04-06 00:00:00+00:00,10.9504628793,11.1192857128,10.9504628793,11.0885906522,67473,,,11.154023417564002
2022-04-07 00:00:00+00:00,11.0348742961,11.0348742961,10.9197678187,10.9274415839,36203,,,11.143686502058
2022-04-08 00:00:00+00:00,11.0348742961,11.3034560766,10.9888317051,11.0732431218,25782,,,11.132136011234
2022-04-11 00:00:00+00:00,10.8813989929,11.0195267657,10.8660514626,11.0195267657,29748,,,11.118426195834001
2022-04-12 00:00:00+00:00,10.8813989929,10.9658104096,10.8583776974,10.9197678187,41497,,,11.10244092671
2022-04-13 00:00:00+00:00,10.8737252278,10.9245255531,10.7816400459,10.8813989929,93947,,,11.085392000796
2022-04-14 00:00:00+00:00,10.7355974549,10.8669723144,10.7355974549,10.8200088717,62658,,,11.065277125594001
2022-04-18 00:00:00+00:00,10.789313811,10.789313811,10.689554864,10.689554864,65152,,,11.048512031238001
2022-04-19 00:00:00+00:00,10.8737252278,10.8737252278,10.7355974549,10.7355974549,34497,,,11.033890255962
2022-04-20 00:00:00+00:00,10.9236047013,10.9544841492,10.8772855294,10.8772855294,16254,,,11.020569463986
2022-04-21 00:00:00+00:00,10.8464060815,10.9551789368,10.8386862195,10.9236047013,45100,,,11.005097911954
2022-04-22 00:00:00+00:00,10.7692074617,10.8464060815,10.7614875997,10.8386862195,35257,,,10.986565418376001
2022-04-25 00:00:00+00:00,10.7769273237,10.7923670476,10.7151684278,10.7923670476,38168,,,10.973193320232
2022-04-26 00:00:00+00:00,10.6920088419,10.7614875997,10.6688492559,10.7614875997,38189,,,10.96237036607
2022-04-27 00:00:00+00:00,10.6920088419,10.7846471856,10.6688492559,10.7228882898,40753,,,10.954126259459999
2022-04-28 00:00:00+00:00,10.7306081518,10.7537677377,10.6765691179,10.7306081518,36414,,,10.945137169899999
2022-04-29 00:00:00+00:00,10.6148102221,10.7344680828,10.6070903601,10.7074485658,37364,,,10.930722334990001
2022-05-02 00:00:00+00:00,10.5607711882,10.661129394,10.5376116023,10.6070903601,47314,,,10.916447236437998
2022-05-03 00:00:00+00:00,10.5839307742,10.5839307742,10.5376116023,10.5684910502,37073,,,10.902940458864
2022-05-04 00:00:00+00:00,10.6688492559,10.6688492559,10.5221718783,10.5530513262,54363,,,10.894335908142
2022-05-05 00:00:00+00:00,10.4758527065,10.6070903601,10.4526931205,10.6070903601,49336,,,10.881413732543999
2022-05-06 00:00:00+00:00,10.3986540867,10.4912924304,10.3677746387,10.4526931205,76479,,,10.867405278438
2022-05-09 00:00:00+00:00,10.1593383653,10.4218136726,10.1593383653,10.3291753288,68129,,,10.847389992867999
2022-05-10 00:00:00+00:00,10.2056575372,10.2288171231,10.1284589174,10.1902178132,79477,,,10.827538267589999
2022-05-11 00:00:00+00:00,9.9895014017,10.1824979512,9.9895014017,10.1438986413,60636,,,10.804126242748
2022-05-12 00:00:00+00:00,9.8428240241,10.0435404356,9.7270260944,9.9586219538,89502,,,10.77625502406
2022-05-13 00:00:00+00:00,9.8273843002,9.9393222989,9.8273843002,9.8273843002,61082,,,10.748685269412
2022-05-16 00:00:00+00:00,9.8351041621,9.881423334,9.8042247142,9.8505438861,48898,,,10.722642993667998
2022-05-17 00:00:00+00:00,9.9354623679,9.9740616778,9.8659836101,9.8659836101,24454,,,10.702116868516
2022-05-18 00:00:00+00:00,9.9123027819,9.9354623679,9.8428240241,9.9200226439,42656,,,10.681432680903999
2022-05-19 00:00:00+00:00,9.8351041621,9.8895276634,9.7340319455,9.7729058749,49430,,,10.658594262378001
2022-05-20 00:00:00+00:00,9.7806806608,9.8817528775,9.7340319455,9.8117798044,109307,,,10.635735326232
2022-05-23 00:00:00+00:00,9.8584285198,9.8719566473,9.8078924115,9.8117798044,81894,,,10.616567252078001
2022-05-24 00:00:00+00:00,9.7884554467,9.8273293762,9.7340319455,9.8273293762,56824,,,10.600118961456001
2022-05-25 00:00:00+00:00,9.7962302326,9.9003346158,9.7340319455,9.7340319455,87178,,,10.583826166551999
2022-05-26 00:00:00+00:00,9.9439511647,10.0139242378,9.8040050185,9.8040050185,53228,,,10.566978803814
2022-05-27 00:00:00+00:00,10.076122525,10.1227712404,9.9828250942,9.9828250942,43667,,,10.549876140322
2022-05-31 00:00:00+00:00,10.0527981673,10.1072216686,10.0294738096,10.1072216686,67776,,,10.53123903727
2022-06-01 00:00:00+00:00,10.0838973109,10.1173288903,10.0061494519,10.0916720968,45688,,,10.514291869496
2022-06-02 00:00:00+00:00,10.1149964545,10.1460955981,10.0372485955,10.0450233814,49154,,,10.498042966907999
2022-06-03 00:00:00+00:00,10.0527981673,10.1149964545,10.0294738096,10.1149964545,38795,,,10.482391802214
2022-06-06 00:00:00+00:00,10.0683477391,10.1383208122,10.0450233814,10.076122525,56770,,,10.468739857292
2022-06-07 00:00:00+00:00,10.1149964545,10.1175621338,10.0367043605,10.0683477391,44845,,,10.457248689102
2022-06-08 00:00:00+00:00,10.076122525,10.1305460263,10.0527981673,10.0916720968,56963,,,10.445133517626
2022-06-09 00:00:00+00:00,10.0450233814,10.1149964545,10.0411359885,10.0527981673,64523,,,10.428406005396
2022-06-10 00:00:00+00:00,9.9595007365,9.9750503083,9.9050772352,9.9750503083,46826,,,10.410274990873999
2022-06-13 00:00:00+00:00,9.6873832301,9.8435786788,9.6251849429,9.8273293762,105476,,,10.383632120161998
2022-06-14 00:00:00+00:00,9.8117798044,9.846766341,9.6724556411,9.6873832301,83462,,,10.357635477297999
2022-06-15 00:00:00+00:00,9.7962302326,9.9128520211,9.7341096933,9.8506537339,67361,,,10.330560466482
2022-06-16 00:00:00+00:00,9.5318875121,9.6718336583,9.5318875121,9.6718336583,75736,,,10.29942640368
2022-06-17 00:00:00+00:00,9.5940857993,9.6096353711,9.5241127262,9.539662298,69781,,,10.272298862080001
2022-06-21 00:00:00+00:00,9.6873832301,9.7656967566,9.6403951141,9.6403951141,72956,,,10.245349040759999
2022-06-22 00:00:00+00:00,9.6325637615,9.6795518774,9.6169010562,9.6247324088,53321,,,10.217302830068
2022-06-23 00:00:00+00:00,9.6482264668,9.6717205248,9.6169010562,9.6325637615,33427,,,10.192639379546
2022-06-24 00:00:00+00:00,9.7500340513,9.7970221672,9.6521421431,9.6638891721,80586,,,10.170012080714
2022-06-27 00:00:00+00:00,9.7187086407,9.7578654039,9.6717205248,9.7578654039,20520,,,10.146911748972
2022-06-28 00:00:00+00:00,9.6795518774,9.7617810802,9.6560578195,9.7265399933,37371,,,10.125790837422
2022-06-29 00:00:00+00:00,9.5150934717,9.6795518774,9.4681053558,9.6795518774,263061,,,10.100306430636
2022-06-30 00:00:00+00:00,9.4289485926,9.5150934717,9.3819604766,9.5150934717,166406,,,10.071410897932
2022-07-01 00:00:00+00:00,9.554250235,9.5777442929,9.3897918293,9.3897918293,59892,,,10.044023808606001
2022-07-05 00:00:00+00:00,9.554250235,9.5777442929,9.4602740032,9.4681053558,49839,,,10.018180691676001
2022-07-06 00:00:00+00:00,9.6012383509,9.6012383509,9.5385875297,9.6012383509,32876,,,9.99482130946
2022-07-07 00:00:00+00:00,9.5934069982,9.6247324088,9.5620815876,9.6090697035,32068,,,9.971150902949999
2022-07-08 00:00:00+00:00,9.710877288,9.710877288,9.554250235,9.554250235,77584,,,9.951528271872
2022-07-11 00:00:00+00:00,9.6560578195,9.710877288,9.6482264668,9.710877288,41733,,,9.930809251424
2022-07-12 00:00:00+00:00,9.6952145827,9.7422026986,9.6560578195,9.6717205248,53698,,,9.910101380042
2022-07-13 00:00:00+00:00,9.7030459354,9.7030459354,9.6012383509,9.6482264668,49375,,,9.891866094308002
2022-07-14 00:00:00+00:00,9.6717205248,9.6717205248,9.6169010562,9.6169010562,16787,,,9.87408508104
2022-07-15 00:00:00+00:00,9.6638891721,9.7030459354,9.6638891721,9.6873832301,18628,,,9.855684248998
2022-07-18 00:00:00+00:00,9.6560578195,9.734371346,9.6247324088,9.6873832301,31735,,,9.83542842027
2022-07-19 00:00:00+00:00,9.8126848725,9.8205162251,9.6952145827,9.7187086407,56441,,,9.82216506359
2022-07-20 00:00:00+00:00,9.8886489932,9.8965409717,9.8018372303,9.8018372303,80341,,,9.811964961720001
2022-07-21 00:00:00+00:00,9.8886489932,9.9438928423,9.7939452518,9.8886489932,47855,,,9.806551174278
2022-07-22 00:00:00+00:00,9.8334051441,9.943656083,9.8018372303,9.9044329501,71810,,,9.799106126416
2022-07-25 00:00:00+00:00,9.849189101,9.8728650363,9.8412971225,9.8570810794,37737,,,9.796299880402
2022-07-26 00:00:00+00:00,9.8570810794,9.8728650363,9.8412971225,9.8570810794,52376,,,9.796585021508001
2022-07-27 00:00:00+00:00,9.9675687777,9.991244713,9.8334051441,9.8649730579,47627,,,9.799388711058
2022-07-28 00:00:00+00:00,10.0464885621,10.0701644975,9.9123249285,9.9360008639,37604,,,9.803616399057999
2022-07-29 00:00:00+00:00,10.1727602173,10.1964361526,10.0543805406,10.062272519,38164,,,9.808362356046
2022-08-01 00:00:00+00:00,10.2516800017,10.2753559371,10.133300325,10.1727602173,34425,,,9.815149900442
2022-08-02 00:00:00+00:00,10.2990318724,10.3463837431,10.2201120879,10.2358960448,37602,,,9.824428454648
2022-08-03 00:00:00+00:00,10.3621677,10.4016275922,10.2990318724,10.3069238509,19227,,,9.836058195432
2022-08-04 00:00:00+00:00,10.3542757215,10.4489794629,10.3305997862,10.3305997862,23496,,,9.845975139466
2022-08-05 00:00:00+00:00,10.4410874844,10.4489794629,10.2595719802,10.3227078078,54173,,,9.85902778022
2022-08-08 00:00:00+00:00,10.4174115491,10.5673591396,10.3858436353,10.3858436353,31304,,,9.87145140655
2022-08-09 00:00:00+00:00,10.4726553982,10.5121152905,10.3621677,10.3621677,18732,,,9.88202549122
2022-08-10 00:00:00+00:00,10.5121152905,10.5515751827,10.5063541462,10.5515751827,15615,,,9.89074534653
2022-08-11 00:00:00+00:00,10.4963313336,10.5751721982,10.4726553982,10.5594671611,34850,,,9.899616009856
2022-08-12 00:00:00+00:00,10.5831430965,10.5989270534,10.5256894934,10.5436832042,17473,,,9.909600925568
2022-08-15 00:00:00+00:00,10.5357912258,10.5910350749,10.504223312,10.5910350749,31985,,,9.918016820994001
2022-08-16 00:00:00+00:00,10.5515751827,10.6142374916,10.5515751827,10.5515751827,22100,,,9.927992361302
2022-08-17 00:00:00+00:00,10.4726553982,10.5831430965,10.4726553982,10.5515751827,60663,,,9.936078514484
2022-08-18 00:00:00+00:00,10.5200072689,10.5493654287,10.4981464886,10.5436832042,32472,,,9.944178730772
2022-08-19 00:00:00+00:00,10.4016275922,10.4963313336,10.4016275922,10.4963313336,26313,,,9.950688832116
2022-08-22 00:00:00+00:00,10.3124482358,10.4075422072,10.2965462339,10.3760562434,57159,,,9.956037329204001
2022-08-23 00:00:00+00:00,10.3681052424,10.4078602472,10.2965462339,10.2965462339,9195,,,9.964209419322
2022-08-24 00:00:00+00:00,10.439664251,10.4714682548,10.2329382262,10.3760562434,69445,,,9.97925503974
2022-08-25 00:00:00+00:00,10.439664251,10.4674927544,10.4317132501,10.4555662529,42095,,,9.991812728672
2022-08-26 00:00:00+00:00,10.3363012386,10.4635172539,10.3363012386,10.4317132501,35061,,,10.002614148792
2022-08-29 00:00:00+00:00,10.3442522396,10.4078602472,10.2408892272,10.2408892272,39217,,,10.018861443342
2022-08-30 00:00:00+00:00,10.3203992367,10.3919582453,10.3124482358,10.3919582453,30158,,,10.03338771209
2022-08-31 00:00:00+00:00,10.3442522396,10.4237622491,10.3363012386,10.3681052424,23438,,,10.04652509228
2022-09-01 00:00:00+00:00,10.2249872253,10.3203992367,10.2170362243,10.3044972348,32849,,,10.058373561556001
2022-09-02 00:00:00+00:00,10.1931832215,10.3097448954,10.1926266514,10.272693231,14738,,,10.06927269665
2022-09-06 00:00:00+00:00,10.1295752139,10.2329382262,10.0739182072,10.2011342224,35268,,,10.076863519902
2022-09-07 00:00:00+00:00,10.1852322205,10.2249872253,10.1295752139,10.1454772158,21646,,,10.086193991498
2022-09-08 00:00:00+00:00,10.2011342224,10.2829500222,10.1613792177,10.1613792177,18454,,,10.096625638398
2022-09-09 00:00:00+00:00,10.2965462339,10.3283502377,10.2267364455,10.2567912291,11832,,,10.112254693642
2022-09-12 00:00:00+00:00,10.280644232,10.5271252615,10.2329382262,10.3203992367,24739,,,10.12928860643
2022-09-13 00:00:00+00:00,10.1772812196,10.2488402281,10.1176487124,10.2011342224,57083,,,10.141749226122
2022-09-14 00:00:00+00:00,10.2647422301,10.3407537992,10.1925471414,10.2170362243,46958,,,10.155959066024002
2022-09-15 00:00:00+00:00,10.1693302186,10.3203992367,10.1613792177,10.2408892272,26841,,,10.167320903378
2022-09-16 00:00:00+00:00,10.0262122015,10.1295752139,9.9707937248,10.1216242129,50206,,,10.175977007444
2022-09-19 00:00:00+00:00,9.9546531929,10.0420346934,9.9467021919,9.9705551948,55020,,,10.180852525542
2022-09-20 00:00:00+00:00,9.8910451853,9.963558314,9.8830941843,9.938751191,45873,,,10.185552272858
2022-09-21 00:00:00+00:00,9.9228491891,9.9870228298,9.9108166315,9.9228491891,59030,,,10.190104964986
2022-09-22 00:00:00+00:00,9.8586755484,9.9295072043,9.818567023,9.914827484,54493,,,10.193217557246
2022-09-23 00:00:00+00:00,9.7142848569,9.8346104332,9.7142848569,9.8025236128,26723,,,10.194068843888
2022-09-26 00:00:00+00:00,9.5939592806,9.7864802027,9.5859375756,9.7624150874,60116,,,10.192670246058
2022-09-27 00:00:00+00:00,9.5939592806,9.6541220688,9.5538507552,9.6340678061,62131,,,10.191428275280002
2022-09-28 00:00:00+00:00,9.7062631518,9.7235098177,9.537807345,9.5698941654,55384,,,10.189299840866001
2022-09-29 00:00:00+00:00,9.4976988196,9.626046101,9.4896771145,9.626046101,52344,,,10.181480837394
2022-09-30 00:00:00+00:00,9.4495685891,9.6100026908,9.441546884,9.5217639349,47657,,,10.172699229312
2022-10-03 00:00:00+00:00,9.6420895111,9.6661546264,9.4976988196,9.4976988196,57375,,,10.168872916651999
2022-10-04 00:00:00+00:00,9.818567023,9.8666972535,9.7062631518,9.7062631518,42208,,,10.168260475092001
2022-10-05 00:00:00+00:00,9.7062631518,9.7784584976,9.6902197416,9.7784584976,41380,,,10.16524411654
2022-10-06 00:00:00+00:00,9.7062631518,9.7624150874,9.6902999587,9.7062631518,27714,,,10.160018004022
2022-10-07 00:00:00+00:00,9.6420895111,9.6741763315,9.5939592806,9.6501112162,38079,,,10.151930023002
2022-10-10 00:00:00+00:00,9.5057205247,9.6661546264,9.5057205247,9.6420895111,69695,,,10.13858922915
2022-10-11 00:00:00+00:00,9.537807345,9.6019809857,9.4896771145,9.5217639349,80375,,,10.124311776016
2022-10-12 00:00:00+00:00,9.5057205247,9.5579418248,9.4896771145,9.4896771145,131903,,,10.108445549061999
2022-10-13 00:00:00+00:00,9.5217639349,9.5418181976,9.4174817688,9.4255034739,83725,,,10.09163747376
2022-10-14 00:00:00+00:00,9.4736337044,9.6180243959,9.4736337044,9.537807345,73610,,,10.074024633417999
2022-10-17 00:00:00+00:00,9.6180243959,9.6821980366,9.5458290501,9.5458290501,121132,,,10.057563371648
2022-10-18 00:00:00+00:00,9.7624150874,9.7864802027,9.6982414467,9.6982414467,107314,,,10.044463442414001
2022-10-19 00:00:00+00:00,9.626046101,9.7557570722,9.6100026908,9.7062631518,51316,,,10.02753125647
2022-10-20 00:00:00+00:00,9.6059918383,9.7112851721,9.5897928638,9.6464892743,91499,,,10.009408787426
2022-10-21 00:00:00+00:00,9.670787736,9.670787736,9.5654944022,9.5816933766,57446,,,9.992897915474
2022-10-24 00:00:00+00:00,9.7760810698,9.7760810698,9.6734605668,9.6788872232,65120,,,9.97675667494
2022-10-25 00:00:00+00:00,9.8489764547,9.8489764547,9.7517826081,9.7517826081,46158,,,9.963020379518
2022-10-26 00:00:00+00:00,9.7598820954,9.8716550189,9.7436831209,9.8327774803,63236,,,9.947186517772
2022-10-27 00:00:00+00:00,9.7193846593,9.8270268444,9.6950861976,9.6950861976,59624,,,9.932121102994
2022-10-28 00:00:00+00:00,9.7922800442,9.8084790187,9.6788872232,9.6950861976,29421,,,9.9175665585
2022-10-31 00:00:00+00:00,9.7436831209,9.8489764547,9.7112851721,9.7760810698,79226,,,9.904407669073999
2022-11-01 00:00:00+00:00,9.8327774803,9.8813744036,9.7963297878,9.8165785059,35271,,,9.894814253963998
2022-11-02 00:00:00+00:00,9.7193846593,9.8489764547,9.7193846593,9.8489764547,64075,,,9.881839842302
2022-11-03 00:00:00+00:00,9.7031856849,9.7598820954,9.6620402898,9.670787736,80754,,,9.86711027098
2022-11-04 00:00:00+00:00,9.8408769675,9.8489764547,9.7517826081,9.7517826081,44957,,,9.85513452531
2022-11-07 00:00:00+00:00,9.8813744036,9.8894738908,9.8246779931,9.8246779931,40758,,,9.84603598861
2022-11-08 00:00:00+00:00,9.8894738908,9.9137723525,9.8489764547,9.8732749164,53071,,,9.836940421634
2022-11-09 00:00:00+00:00,9.8003795314,9.8660663728,9.784180557,9.8651754292,23214,,,9.826540027528
2022-11-10 00:00:00+00:00,10.0109661991,10.0271651735,9.8935236344,9.9218718397,62633,,,9.819874306717999
2022-11-11 00:00:00+00:00,9.9785682502,10.0514636351,9.9623692758,10.0433641479,28940,,,9.814945927216
2022-11-14 00:00:00+00:00,9.970468763,10.0271651735,9.9542697886,9.9785682502,138603,,,9.810491638046
2022-11-15 00:00:00+00:00,10.1162595329,10.1486574817,10.0109661991,10.0757620968,85378,,,9.810225324426
2022-11-16 00:00:00+00:00,10.083861584,10.1729559434,10.083861584,10.0919610712,38997,,,9.808197911696
2022-11-17 00:00:00+00:00,9.9380708141,10.0648277891,9.9218718397,10.0271651735,73765,,,9.80293664353
2022-11-18 00:00:00+00:00,9.9340210705,10.0259209856,9.9340210705,9.9749018157,52575,,,9.795686140262
2022-11-21 00:00:00+00:00,10.0157825608,10.0157825608,9.9013164744,9.9340210705,70485,,,9.790388906838
2022-11-22 00:00:00+00:00,10.1138963492,10.1138963492,9.9421972195,10.0239587098,92648,,,9.78912120943
2022-11-23 00:00:00+00:00,10.0484871569,10.1466009453,10.0484871569,10.0893679021,36491,,,9.784796107966
2022-11-25 00:00:00+00:00,10.0566633059,10.0771036785,10.0403110079,10.073015604,21515,,,9.782542769712
2022-11-28 00:00:00+00:00,10.0893679021,10.1220724982,10.0239587098,10.0403110079,88043,,,9.783805883724
2022-11-29 00:00:00+00:00,10.0403110079,10.1220724982,9.9912541137,10.1138963492,64037,,,9.785519040023999
2022-11-30 00:00:00+00:00,10.1384247962,10.1547770943,10.0157825608,10.0484871569,189961,,,9.790466632242
2022-12-01 00:00:00+00:00,10.064839455,10.2365385846,10.064839455,10.1057202001,82010,,,9.79330643756
2022-12-02 00:00:00+00:00,10.064839455,10.1220724982,9.9749018157,9.9912541137,102466,,,9.797429715692
2022-12-05 00:00:00+00:00,10.0157825608,10.0566633059,9.9912541137,10.0566633059,55110,,,9.80345966977
2022-12-06 00:00:00+00:00,9.9340210705,9.9994302627,9.9094926234,9.9994302627,70393,,,9.810260905568
2022-12-07 00:00:00+00:00,10.0157825608,10.0443990824,9.9013164744,9.9258449215,114682,,,9.818697371172
2022-12-08 00:00:00+00:00,10.073015604,10.1302486472,10.0076064118,10.0157825608,102127,,,9.826032420216
2022-12-09 00:00:00+00:00,9.9258449215,10.1220724982,9.9258449215,10.0566633059,55962,,,9.834595342254
2022-12-12 00:00:00+00:00,10.0157825608,10.0321348589,9.9749018157,9.9749018157,47278,,,9.845919621688001
2022-12-13 00:00:00+00:00,10.064839455,10.1793055414,10.0321348589,10.1057202001,44764,,,9.854374620566
2022-12-14 00:00:00+00:00,10.0239587098,10.1056384386,9.9919082056,10.0484871569,51521,,,9.858482454301999
2022-12-15 00:00:00+00:00,10.0484871569,10.081191753,9.9830779647,10.0076064118,58887,,,9.865326934404
2022-12-16 00:00:00+00:00,10.0566633059,10.0566633059,10.0076064118,10.0321348589,44576,,,9.872334937486
2022-12-19 00:00:00+00:00,10.0484871569,10.1220724982,9.9994302627,10.0403110079,126059,,,9.880462890402
2022-12-20 00:00:00+00:00,10.0092416416,10.0835676934,10.0009831914,10.0175000918,71065,,,9.89053331274
2022-12-21 00:00:00+00:00,10.0918261436,10.0918261436,10.0092416416,10.0340169922,31391,,,9.901613688712
2022-12-22 00:00:00+00:00,10.0009831914,10.0422754424,9.9555617153,10.0422754424,201573,,,9.911518942046
2022-12-23 00:00:00+00:00,10.0835676934,10.1066913539,10.0009831914,10.0009831914,26504,,,9.922755017216
2022-12-27 00:00:00+00:00,9.9679493906,10.0929823266,9.9555617153,10.0835676934,55035,,,9.932641330940001
2022-12-28 00:00:00+00:00,9.9349155898,10.0009831914,9.9019643735,9.94317404,71018,,,9.938979154818
2022-12-29 00:00:00+00:00,9.9927247412,10.0009831914,9.9266571396,9.9927247412,58387,,,9.943585347894
2022-12-30 00:00:00+00:00,10.0092416416,10.0340169922,9.9596909404,9.9762078408,53170,,,9.951249258706
2023-01-03 00:00:00+00:00,10.0918261436,10.1166014942,10.0176652608,10.0340169922,76527,,,9.960965944812
2023-01-04 00:00:00+00:00,10.1248599444,10.1578111607,10.108343044,10.1331183946,44381,,,9.97004738898
2023-01-05 00:00:00+00:00,10.108343044,10.1661521954,10.0802643133,10.0835676934,61746,,,9.976692628464
2023-01-06 00:00:00+00:00,10.2404782472,10.273512048,10.0918261436,10.108343044,74003,,,9.984522664314
2023-01-09 00:00:00+00:00,10.2404782472,10.314804299,10.2239613468,10.2900289484,85486,,,9.99413458735
2023-01-10 00:00:00+00:00,10.2157028966,10.2652535978,10.2074444464,10.2404782472,30701,,,10.004060952096
2023-01-11 00:00:00+00:00,10.35609655,10.35609655,10.2157028966,10.2404782472,52852,,,10.015337282212
2023-01-12 00:00:00+00:00,10.4386810519,10.4386810519,10.3418094311,10.3643550002,35368,,,10.029237240832
2023-01-13 00:00:00+00:00,10.4799733029,10.4799733029,10.3643550002,10.3973888009,45149,,,10.042181157284
2023-01-17 00:00:00+00:00,10.5377824543,10.5624752204,10.4551979523,10.5212655539,99416,,,10.058549113184
2023-01-18 00:00:00+00:00,10.5542993547,10.6451423069,10.5296065886,10.6203669563,107725,,,10.07557138658
2023-01-19 00:00:00+00:00,10.5295240041,10.5708162551,10.4948385133,10.5295240041,79111,,,10.089344327312
2023-01-20 00:00:00+00:00,10.5889848456,10.6139981956,10.5472959289,10.5973226289,44221,,,10.103496536152
2023-01-23 00:00:00+00:00,10.6556871123,10.7223893791,10.5639714955,10.5639714955,73322,,,10.118820800581998
2023-01-24 00:00:00+00:00,10.5973226289,10.6640248957,10.5973226289,10.6306737623,52102,,,10.134759662532
2023-01-25 00:00:00+00:00,10.5222825788,10.6249206918,10.5222825788,10.5889848456,65985,,,10.144985990126
2023-01-26 00:00:00+00:00,10.5556337122,10.6056604123,10.5222825788,10.5723092789,50699,,,10.156527299366001
2023-01-27 00:00:00+00:00,10.6056604123,10.6390115456,10.5222825788,10.5639714955,43498,,,10.169231132352
2023-01-30 00:00:00+00:00,10.6807004623,10.6807004623,10.5639714955,10.6139981956,71574,,,10.18051995094
2023-01-31 00:00:00+00:00,10.7974294291,10.814021618,10.7348960541,10.7557405124,53765,,,10.194791307842
2023-02-01 00:00:00+00:00,10.7724160791,10.8307805625,10.7474027291,10.7807538625,66399,,,10.211478213142
2023-02-02 00:00:00+00:00,10.8891450459,10.9058206126,10.8057672125,10.8057672125,60963,,,10.23058069265
2023-02-03 00:00:00+00:00,10.8974828293,10.9475095293,10.8474561292,10.8557939125,60342,,,10.24821469802
2023-02-06 00:00:00+00:00,10.8224427792,10.9141583959,10.7724160791,10.8974828293,43552,,,10.26238562662
2023-02-07 00:00:00+00:00,10.8974828293,10.9141583959,10.8057672125,10.8057672125,49000,,,10.279365540068
2023-02-08 00:00:00+00:00,10.8224427792,10.9141583959,10.8224427792,10.9141583959,52938,,,10.294681129534002
2023-02-09 00:00:00+00:00,10.8224427792,10.8911461139,10.8224427792,10.8307805625,65289,,,10.309342627076001
2023-02-10 00:00:00+00:00,10.8391183459,10.8883112676,10.8141049958,10.8141049958,32730,,,10.325318773835999
2023-02-13 00:00:00+00:00,10.8557939125,10.9149921743,10.8391183459,10.8641316959,54808,,,10.339666156162
2023-02-14 00:00:00+00:00,10.9058206126,10.9308339626,10.8557939125,10.8557939125,41456,,,10.356485779314001
2023-02-15 00:00:00+00:00,10.9058206126,10.9425902371,10.8808072626,10.9058206126,47680,,,10.373305402466
2023-02-16 00:00:00+00:00,10.7807538625,10.9058206126,10.7807538625,10.8724694792,60701,,,10.3886048285
2023-02-17 00:00:00+00:00,10.7740836358,10.8245871528,10.7572491301,10.8077526471,49398,,,10.405406079806001
2023-02-21 00:00:00+00:00,10.6814938545,10.7572491301,10.6646593489,10.7235801187,64155,,,10.418720305679999
2023-02-22 00:00:00+00:00,10.5889040733,10.7235801187,10.5889040733,10.6730766017,48324,,,10.429038075066
2023-02-23 00:00:00+00:00,10.605738579,10.7151628659,10.6015299526,10.6225730847,96491,,,10.442635948216001
2023-02-24 00:00:00+00:00,10.7067456131,10.7587642356,10.5804868205,10.5804868205,111760,,,10.456455209262002
2023-02-27 00:00:00+00:00,10.7235801187,10.7572491301,10.6899111074,10.7404146244,42881,,,10.469630022535998
2023-02-28 00:00:00+00:00,10.7825008886,10.8077526471,10.6772852281,10.7404146244,68453,,,10.484800866112
2023-03-01 00:00:00+00:00,10.7656663829,10.8498389114,10.7656663829,10.7740836358,37605,,,10.499144450632
2023-03-02 00:00:00+00:00,10.656242096,10.7909181415,10.6394075903,10.7488318773,59183,,,10.511136026433999
2023-03-03 00:00:00+00:00,10.6730766017,10.7233276012,10.6478248432,10.7067456131,122262,,,10.52362781533
2023-03-06 00:00:00+00:00,10.7067456131,10.7319973716,10.6730766017,10.6730766017,75824,,,10.53757789476
2023-03-07 00:00:00+00:00,10.605738579,10.7235801187,10.605738579,10.7067456131,60101,,,10.547856143468
2023-03-08 00:00:00+00:00,10.5636523148,10.6478248432,10.5636523148,10.6141558318,94786,,,10.559109525936002
2023-03-09 00:00:00+00:00,10.5047315449,10.6394075903,10.4878970392,10.605738579,85775,,,10.567532802966
2023-03-10 00:00:00+00:00,10.3279692352,10.5131487977,10.3111347296,10.5131487977,93658,,,10.574733199857999
2023-03-13 00:00:00+00:00,10.1596241784,10.2341168661,10.1007034086,10.2269622012,117991,,,10.57922737163
2023-03-14 00:00:00+00:00,10.2690484654,10.3363864881,10.184875937,10.2017104426,51680,,,10.584753846114
2023-03-15 00:00:00+00:00,10.1007034086,10.2269622012,10.1007034086,10.2185449483,44516,,,10.586583081454
2023-03-16 00:00:00+00:00,10.0922861557,10.1680414313,10.0838689029,10.1343724199,124775,,,10.586592281695998
2023-03-17 00:00:00+00:00,10.0333653858,10.1469982992,10.0333653858,10.0922861557,36001,,,10.584762390523998
2023-03-20 00:00:00+00:00,10.0081136273,10.0802494841,9.999780547,10.0670343972,56331,,,10.582757802189999
2023-03-21 00:00:00+00:00,10.1175379142,10.1175379142,10.0586171443,10.0586171443,69591,,,10.580298995529999
2023-03-22 00:00:00+00:00,10.07545165,10.1573515202,10.07545165,10.1175379142,81251,,,10.576998463586001
2023-03-23 00:00:00+00:00,10.1023868591,10.1364016297,10.0428610106,10.1108905518,102324,,,10.574732142835998
2023-03-24 00:00:00+00:00,10.0513647033,10.1193942444,10.0258536253,10.1193942444,28222,,,10.568637505902
2023-03-27 00:00:00+00:00,10.0173499327,10.1193942444,10.0088462401,10.0768757812,142984,,,10.560210883518
2023-03-28 00:00:00+00:00,10.0683720885,10.1108905518,10.0173499327,10.034357318,126943,,,10.551978859230001
2023-03-29 00:00:00+00:00,10.2299422488,10.2333437258,10.0768757812,10.1023868591,110937,,,10.54582205512
2023-03-30 00:00:00+00:00,10.2809644046,10.3489939457,10.246949634,10.2554533267,25403,,,10.540355356118
2023-03-31 00:00:00+00:00,10.3064754825,10.3745050237,10.2979717899,10.3404902531,53891,,,10.535894385686
2023-04-03 00:00:00+00:00,10.3234828678,10.3830087163,10.3149791752,10.3149791752,132257,,,10.530584346130002
2023-04-04 00:00:00+00:00,10.272460712,10.4000161016,10.272460712,10.3830087163,94695,,,10.522919818124
2023-04-05 00:00:00+00:00,10.2554533267,10.272460712,10.2258604763,10.272460712,93031,,,10.516082432080003
2023-04-06 00:00:00+00:00,10.3489939457,10.366001331,10.2639570193,10.2894680973,183548,,,10.512616659417999
2023-04-10 00:00:00+00:00,10.4510382575,10.4765493354,10.3064754825,10.3064754825,89294,,,10.510524750324
2023-04-11 00:00:00+00:00,10.5700899544,10.5870973397,10.4511232944,10.5020604133,111339,,,10.509813341165998
2023-04-12 00:00:00+00:00,10.5956010324,10.6380344587,10.5530825692,10.5615862618,63930,,,10.508111352568001
2023-04-13 00:00:00+00:00,10.6211121103,10.6603991703,10.5785936471,10.6381194956,39931,,,10.504585006192
2023-04-14 00:00:00+00:00,10.6296158029,10.6612495396,10.5530825692,10.5700899544,196347,,,10.501729000668
2023-04-17 00:00:00+00:00,10.5870973397,10.6721342662,10.5700899544,10.6126084177,68717,,,10.495688046543998
2023-04-18 00:00:00+00:00,10.5956010324,10.6712838969,10.571790693,10.6126084177,85179,,,10.489650410606
2023-04-19 00:00:00+00:00,10.5956010324,10.6296158029,10.5700899544,10.6211121103,118779,,,10.48511357567
2023-04-20 00:00:00+00:00,10.5632870003,10.6139564258,10.5461109239,10.5718750385,64773,,,10.47842965909
2023-04-21 00:00:00+00:00,10.589051115,10.6049389857,10.54748501,10.5632870003,29907,,,10.473761825806001
2023-04-24 00:00:00+00:00,10.5976391532,10.6663434589,10.5718750385,10.6148152296,47683,,,10.469265753285999
2023-04-25 00:00:00+00:00,10.5289348475,10.5804630768,10.5122740534,10.5804630768,31385,,,10.463062083318
2023-04-26 00:00:00+00:00,10.5632870003,10.5804630768,10.4774066182,10.5203468093,24106,,,10.457211945074
2023-04-27 00:00:00+00:00,10.5976391532,10.6062271914,10.5203468093,10.589051115,16672,,,10.451048315886
2023-04-28 00:00:00+00:00,10.6234032678,10.6405793442,10.589051115,10.6405793442,28104,,,10.44539996899
2023-05-01 00:00:00+00:00,10.7178716881,10.7178716881,10.6062271914,10.6749314971,85356,,,10.444142325502
2023-05-02 00:00:00+00:00,10.61490111,10.7178716881,10.551521388,10.7178716881,40708,,,10.440958674986
2023-05-03 00:00:00+00:00,10.6062271914,10.6738150521,10.5976391532,10.6491673825,36663,,,10.439453341723999
2023-05-04 00:00:00+00:00,10.5203468093,10.6148152296,10.4859946564,10.6148152296,40951,,,10.438082196444
2023-05-05 00:00:00+00:00,10.6062271914,10.6405793442,10.5031707329,10.6234032678,46677,,,10.438091968692
2023-05-08 00:00:00+00:00,10.6405793442,10.6491673825,10.5554718856,10.6062271914,45678,,,10.436768643313998
2023-05-09 00:00:00+00:00,10.6234032678,10.6663434589,10.6176492822,10.6577554207,27719,,,10.434765106296
2023-05-10 00:00:00+00:00,10.6062271914,10.6835195353,10.5632870003,10.6835195353,13053,,,10.431239632351998
2023-05-11 00:00:00+00:00,10.589051115,10.6405793442,10.5117587711,10.5804630768,33198,,,10.427707326994
2023-05-12 00:00:00+00:00,10.5031707329,10.6080306794,10.4430544654,10.5117587711,32927,,,10.424645899731999
2023-05-15 00:00:00+00:00,10.5718750385,10.6062271914,10.5203468093,10.5375228857,32705,,,10.422621868468
2023-05-16 00:00:00+00:00,10.5375228857,10.5976391532,10.5289348475,10.589051115,28066,,,10.41923741392
2023-05-17 00:00:00+00:00,10.6405793442,10.6405793442,10.5203468093,10.5804630768,46014,,,10.419934229224
2023-05-18 00:00:00+00:00,10.6062271914,10.6405793442,10.5804630768,10.6405793442,27100,,,10.420785726756002
2023-05-19 00:00:00+00:00,10.6062271914,10.6569824972,10.5804630768,10.6062271914,29745,,,10.422815639686
2023-05-22 00:00:00+00:00,10.5993567608,10.6730838741,10.5906829828,10.634051873,60390,,,10.428243390197999
2023-05-23 00:00:00+00:00,10.5299665365,10.634051873,10.4779238683,10.5733354267,40981,,,10.43565023736
2023-05-24 00:00:00+00:00,10.4345549781,10.5473140926,10.4345549781,10.5473140926,45223,,,10.438960367614
2023-05-25 00:00:00+00:00,10.408533644,10.4952714244,10.3651647538,10.4692500903,48160,,,10.445116972322001
2023-05-26 00:00:00+00:00,10.5039452024,10.5116648649,10.4258812001,10.4258812001,32999,,,10.453350153256002
2023-05-30 00:00:00+00:00,10.5039452024,10.5386403146,10.4519025342,10.5039452024,65017,,,10.462761749588001
2023-05-31 00:00:00+00:00,10.4952714244,10.5299665365,10.4779238683,10.5299665365,29256,,,10.47250490553
2023-06-01 00:00:00+00:00,10.5039452024,10.5993567608,10.4865976463,10.5386403146,53758,,,10.480233051293999
2023-06-02 00:00:00+00:00,10.5559878706,10.6253780949,10.5386403146,10.5820092047,47905,,,10.489843775706
2023-06-05 00:00:00+00:00,10.5646616487,10.6253780949,10.5559878706,10.5820092047,27979,,,10.499089271498
2023-06-06 00:00:00+00:00,10.6253780949,10.6600732071,10.5646616487,10.5646616487,40909,,,10.51056953933
2023-06-07 00:00:00+00:00,10.651399429,10.6774207632,10.634051873,10.6687469851,23319,,,10.523250529256002
2023-06-08 00:00:00+00:00,10.651399429,10.7034420973,10.634051873,10.7034420973,43433,,,10.534911076066
2023-06-09 00:00:00+00:00,10.642725651,10.6860945412,10.634051873,10.6600732071,42413,,,10.543166744110001
2023-06-12 00:00:00+00:00,10.8335487678,10.8335487678,10.6739512519,10.6774207632,31316,,,10.554218431374002
2023-06-13 00:00:00+00:00,10.8162012117,10.8248749898,10.7468109874,10.8162012117,44379,,,10.564412945958003
2023-06-14 00:00:00+00:00,10.8162012117,10.876917658,10.8162012117,10.8508963239,61309,,,10.574267312836
2023-06-15 00:00:00+00:00,10.8248749898,10.9028522543,10.8075274337,10.8075274337,41528,,,10.585315598391999
2023-06-16 00:00:00+00:00,10.8595701019,10.8943519519,10.8248749898,10.86824388,26725,,,10.597397933896
2023-06-20 00:00:00+00:00,10.7468109874,10.885591436,10.7294634314,10.8508963239,62779,,,10.60535427473
2023-06-21 00:00:00+00:00,10.7554847655,10.7901798776,10.6947683192,10.6947683192,59412,,,10.61144320489
2023-06-22 00:00:00+00:00,10.8439573015,10.8614758108,10.7563647546,10.7563647546,47549,,,10.616920551832003
2023-06-23 00:00:00+00:00,10.8439573015,10.912279488,10.800161028,10.8351980468,53742,,,10.621887677214
2023-06-26 00:00:00+00:00,10.8614758108,10.8965128296,10.8273147176,10.8789943202,26172,,,10.626694951224
2023-06-27 00:00:00+00:00,10.8702350655,10.9314622558,10.8527165561,10.8702350655,25993,,,10.631507336476
2023-06-28 00:00:00+00:00,11.0191423952,11.0278140573,10.9052720843,10.9140313389,68803,,,10.640148237585999
2023-06-29 00:00:00+00:00,11.0979756874,11.0979756874,11.0103831405,11.0191423952,56608,,,10.650195730686
2023-06-30 00:00:00+00:00,11.1154941967,11.2117584057,11.0892164327,11.1768089795,52005,,,10.660593593972001
2023-07-03 00:00:00+00:00,11.246883017,11.246883017,11.1242534514,11.1505312155,32046,,,10.674265514305999
2023-07-05 00:00:00+00:00,11.1855682342,11.2118459983,11.1592904702,11.2118459983,34113,,,10.686195856689999
2023-07-06 00:00:00+00:00,11.0629386686,11.1943274889,11.0191423952,11.1505312155,72774,,,10.695501846997999
2023-07-07 00:00:00+00:00,11.0629386686,11.1592904702,11.0541794139,11.0979756874,50330,,,10.706181923419999
2023-07-10 00:00:00+00:00,11.1242534514,11.1855682342,11.080457178,11.0892164327,52485,,,10.717401252441999
2023-07-11 00:00:00+00:00,11.1855682342,11.1855682342,11.1330127061,11.1680497248,27358,,,10.729159834062
2023-07-12 00:00:00+00:00,11.2118459983,11.2293645076,11.1855682342,11.2118459983,24905,,,10.740928688672
2023-07-13 00:00:00+00:00,11.2556422717,11.2731607811,11.2255104356,11.246883017,37240,,,10.751684100343999
2023-07-14 00:00:00+00:00,11.1855682342,11.2895405873,11.1417719608,11.2731607811,44885,,,10.763097442828
2023-07-17 00:00:00+00:00,11.2994385451,11.3344755639,11.1855682342,11.246883017,60218,,,10.776961669902
2023-07-18 00:00:00+00:00,11.220605253,11.3257163092,11.2030867436,11.2994385451,82578,,,10.790966838775999
2023-07-19 00:00:00+00:00,11.220605253,11.2556422717,11.2030867436,11.2556422717,39993,,,10.803254400007999
2023-07-20 00:00:00+00:00,11.1855682342,11.3519940733,11.1680497248,11.246883017,47521,,,10.814154177808
2023-07-21 00:00:00+00:00,11.1873200852,11.2315387416,11.1696326226,11.2050075477,29600,,,10.825432514155999
2023-07-24 00:00:00+00:00,11.302288592,11.3111323233,11.1873200852,11.213851279,40973,,,10.839353742168
2023-07-25 00:00:00+00:00,11.2757573981,11.3199760545,11.213851279,11.2492262042,84291,,,10.85308786783
2023-07-26 00:00:00+00:00,11.2669136668,11.2978667263,11.2226950103,11.2580699355,64665,,,10.868362726508002
2023-07-27 00:00:00+00:00,11.2315387416,11.3190916814,11.2315387416,11.2669136668,81463,,,10.881556000569999
2023-07-28 00:00:00+00:00,11.302288592,11.3730384423,11.2403824729,11.2403824729,57035,,,10.896851314696
2023-07-31 00:00:00+00:00,11.3995696362,11.3995696362,11.3199760545,11.3553509797,39376,,,10.912031120536001
2023-08-01 00:00:00+00:00,11.3111323233,11.4083249302,11.2934448607,11.3376635171,61159,,,10.926129223174
2023-08-02 00:00:00+00:00,11.364194711,11.4084133675,11.2934448607,11.3111323233,82517,,,10.941288573565998
2023-08-03 00:00:00+00:00,11.3376635171,11.3730384423,11.302288592,11.3553509797,47383,,,10.956054708692
2023-08-04 00:00:00+00:00,11.3995696362,11.4084133675,11.3386363276,11.3907259049,24021,,,10.973446770686001
2023-08-07 00:00:00+00:00,11.4703194865,11.4880069491,11.4100052391,11.4261008301,60572,,,10.994162060854
2023-08-08 00:00:00+00:00,11.4084133675,11.4880069491,11.4016036944,11.4526320239,37555,,,11.014159655323999
2023-08-09 00:00:00+00:00,11.4437882926,11.4791632178,11.4172570988,11.4437882926,24274,,,11.032956517128
2023-08-10 00:00:00+00:00,11.4968506804,11.5233818743,11.4703194865,11.4880069491,57769,,,11.052814626687997
2023-08-11 00:00:00+00:00,11.4791632178,11.5410693369,11.4614757552,11.4968506804,63912,,,11.072492462556001
2023-08-14 00:00:00+00:00,11.4791632178,11.5233818743,11.4791632178,11.4791632178,25039,,,11.091996822864001
2023-08-15 00:00:00+00:00,11.514538143,11.5516818144,11.4791632178,11.4791632178,55376,,,11.111167828312
2023-08-16 00:00:00+00:00,11.4880069491,11.5499130682,11.4261008301,11.4791632178,57489,,,11.12963473432
2023-08-17 00:00:00+00:00,11.4261008301,11.5319602936,11.4172570988,11.4968506804,54367,,,11.145649189024
2023-08-18 00:00:00+00:00,11.4526320239,11.4791632178,11.4261008301,11.4349445613,61256,,,11.161673840921999
2023-08-21 00:00:00+00:00,11.5233818743,11.5322256056,11.4526320239,11.4880069491,43515,,,11.179113489827998
2023-08-22 00:00:00+00:00,11.664881575,11.7621626192,11.5056944117,11.5056944117,339171,,,11.199556608308
2023-08-23 00:00:00+00:00,11.7374001716,11.7820290695,11.6481423756,11.6659939348,102279,,,11.217633636383999
2023-08-24 00:00:00+00:00,11.6749197144,11.8088064083,11.639216596,11.8088064083,80000,,,11.234808006438
2023-08-25 00:00:00+00:00,11.7195486124,11.7641775103,11.6302908164,11.728474392,302570,,,11.252874954452
2023-08-28 00:00:00+00:00,11.7731032899,11.8534353063,11.7374001716,11.8088064083,228859,,,11.271839520454
2023-08-29 00:00:00+00:00,11.8802126451,11.9248415431,11.7775661797,11.7820290695,298941,,,11.292252371318
2023-08-30 00:00:00+00:00,11.8891384247,11.9516188819,11.8802126451,11.9516188819,102895,,,11.315098920063999
2023-08-31 00:00:00+00:00,11.8088064083,11.9516188819,11.8088064083,11.8802126451,247539,,,11.33616535292
2023-09-01 00:00:00+00:00,11.8445095267,11.9604554037,11.8266579675,11.8712868655,91112,,,11.356176397423999
2023-09-05 00:00:00+00:00,11.8088064083,11.9873220003,11.8088064083,11.8712868655,167471,,,11.37547337956
2023-09-06 00:00:00+00:00,11.7463259512,11.9783962207,11.7374001716,11.8534353063,130994,,,11.393170382368
2023-09-07 00:00:00+00:00,11.7106228328,11.8177321879,11.683845494,11.7463259512,94395,,,11.409978137714
2023-09-08 00:00:00+00:00,11.7552517308,11.7731032899,11.6749197144,11.6927712736,95808,,,11.424700324426
2023-09-11 00:00:00+00:00,11.8534353063,11.8645925308,11.7731032899,11.8177321879,87120,,,11.439809516803997
2023-09-12 00:00:00+00:00,11.8355837471,11.9337673227,11.8177321879,11.8623610859,76213,,,11.454211307811999
2023-09-13 00:00:00+00:00,11.8445095267,11.8712868655,11.8266579675,11.8534353063,121812,,,11.466163838006
2023-09-14 00:00:00+00:00,11.8355837471,11.9336780649,11.7909548491,11.9069899839,143584,,,11.479164148264001
2023-09-15 00:00:00+00:00,11.7909548491,11.8623610859,11.7820290695,11.8177321879,57065,,,11.493724471874
2023-09-18 00:00:00+00:00,11.9337673227,11.9605446615,11.8088064083,11.8088064083,142497,,,11.511141044956
2023-09-19 00:00:00+00:00,12.0230251187,12.0230251187,11.9159157635,11.9605446615,83814,,,11.529116478302
2023-09-20 00:00:00+00:00,12.0855055759,12.1122829147,12.0230251187,12.0408766779,45119,,,11.547115225136002
2023-09-21 00:00:00+00:00,11.9980329358,12.1106270887,11.9980329358,12.0700931937,71862,,,11.562838963886
2023-09-22 00:00:00+00:00,12.1781835805,12.3403191607,12.0250555325,12.043070597,56573,,,11.581289790062002
2023-09-25 00:00:00+00:00,12.1511609838,12.2232212417,12.043070597,12.1511609838,78617,,,11.600601645053999
2023-09-26 00:00:00+00:00,11.8809350168,12.1511609838,11.8268898234,12.1241383871,137745,,,11.612231574487998
2023-09-27 00:00:00+00:00,11.8358973556,11.9818193778,11.8088747589,11.9349802102,86845,,,11.62453741654
2023-09-28 00:00:00+00:00,11.8719274845,11.8719274845,11.7998672267,11.8719274845,88616,,,11.637563861170001
2023-09-29 00:00:00+00:00,12.043070597,12.043070597,11.9527250487,11.9620028069,84227,,,11.654713908426002
2023-10-02 00:00:00+00:00,11.7908596944,12.0340630648,11.7818521622,12.0340630648,134488,,,11.666784700610002
2023-10-03 00:00:00+00:00,11.6377316465,11.7818521622,11.5732377157,11.7548295655,107186,,,11.673493561699999
2023-10-04 00:00:00+00:00,11.6647542432,11.7052881382,11.543152558,11.6017015175,102995,,,11.681273498602001
2023-10-05 00:00:00+00:00,11.6827693076,11.8358973556,11.6107090498,11.6737617754,125625,,,11.689590611418
2023-10-06 00:00:00+00:00,11.6917768399,11.7458220333,11.6017015175,11.6017015175,160272,,,11.698795373384
2023-10-09 00:00:00+00:00,11.736814501,11.77284463,11.6377316465,11.6377316465,52695,,,11.707485891564
2023-10-10 00:00:00+00:00,11.7908596944,11.8178822911,11.7187994366,11.7187994366,54270,,,11.715311692728
2023-10-11 00:00:00+00:00,11.77284463,11.7998672267,11.6917768399,11.7818521622,127251,,,11.724545938862
2023-10-12 00:00:00+00:00,11.619716582,11.7764476429,11.619716582,11.736814501,135366,,,11.729656376282001
2023-10-13 00:00:00+00:00,11.6377316465,11.7089812264,11.619716582,11.6827693076,85567,,,11.73565773887
2023-10-16 00:00:00+00:00,11.619716582,11.7548295655,11.6017015175,11.6917768399,111692,,,11.740060677786
2023-10-17 00:00:00+00:00,11.5386487919,11.6266523818,11.5296412596,11.5746789208,114556,,,11.741427263894
2023-10-18 00:00:00+00:00,11.4575810018,11.5836864531,11.426054639,11.5206337274,92757,,,11.74241061658
2023-10-19 00:00:00+00:00,11.3945282761,11.5296412596,11.3945282761,11.4485734695,66836,,,11.74142541625
2023-10-20 00:00:00+00:00,11.3945282761,11.4557794953,11.3855207439,11.4305584051,97737,,,11.739378968164
2023-10-23 00:00:00+00:00,11.4611840147,11.4893844039,11.3984154063,11.4257061056,59471,,,11.739019384101999
2023-10-24 00:00:00+00:00,11.5348689028,11.5621596021,11.4620937046,11.5439658025,74066,,,11.740133497802
2023-10-25 00:00:00+00:00,11.3802216068,11.64312201,11.3802216068,11.5439658025,50713,,,11.737447167078
2023-10-26 00:00:00+00:00,11.3893185065,11.4802875042,11.3620278072,11.3802216068,80147,,,11.735473398225999
2023-10-27 00:00:00+00:00,11.4075123061,11.4438999051,11.3893185065,11.3893185065,68828,,,11.735101627746001
2023-10-30 00:00:00+00:00,11.5803534016,11.6121925508,11.4620937046,11.4893844039,114738,,,11.737656055299999
2023-10-31 00:00:00+00:00,11.7531944971,11.7622913969,11.5894503014,11.6349348002,82233,,,11.742252307756
2023-11-01 00:00:00+00:00,11.8168727955,11.8168727955,11.6986130986,11.798678996,88336,,,11.745292132165998
2023-11-02 00:00:00+00:00,11.9260355927,11.9806169913,11.8305181452,11.8532603946,87754,,,11.749064840588
2023-11-03 00:00:00+00:00,12.0261014901,12.106609053,11.9806169913,12.0170045903,126548,,,11.756088476102
2023-11-06 00:00:00+00:00,11.9260355927,12.0715859889,11.8714541941,12.0715859889,67316,,,11.760218215708
2023-11-07 00:00:00+00:00,11.9715200915,11.989713891,11.8987448934,11.8987448934,84062,,,11.764186551740002
2023-11-08 00:00:00+00:00,11.7622913969,12.0170045903,11.6895161988,12.0170045903,243674,,,11.761828126775999
2023-11-09 00:00:00+00:00,11.6349348002,11.7804851964,11.6076441009,11.7804851964,135008,,,11.756744054286001
2023-11-10 00:00:00+00:00,11.6895161988,11.718535309,11.6349348002,11.6713223993,100571,,,11.754358250095999
2023-11-13 00:00:00+00:00,11.6622254995,11.680419299,11.6076441009,11.680419299,88371,,,11.750712569552
2023-11-14 00:00:00+00:00,11.7531944971,11.8077758957,11.7077099983,11.7077099983,90951,,,11.749600331327999
2023-11-15 00:00:00+00:00,11.8623572943,11.913208964,11.7804851964,11.835066595,101067,,,11.75192095819
2023-11-16 00:00:00+00:00,11.8077758957,11.8850995437,11.8077758957,11.8259696953,83206,,,11.753864019447999
2023-11-17 00:00:00+00:00,11.8896479936,11.9169386929,11.8259696953,11.9078417932,151682,,,11.756551944703999
2023-11-20 00:00:00+00:00,11.9078417932,11.9988107908,11.8714541941,11.9715200915,73321,,,11.757640074442001
2023-11-21 00:00:00+00:00,11.8487119447,11.9497474729,11.8211568006,11.8854521368,128002,,,11.757902638394
2023-11-22 00:00:00+00:00,11.6925661284,11.8992297088,11.6925661284,11.8854521368,162191,,,11.754863770428
2023-11-24 00:00:00+00:00,11.7752315605,11.8027867046,11.7017511764,11.7293063204,31907,,,11.753656726695999
2023-11-27 00:00:00+00:00,11.7568614645,11.8027867046,11.7109362244,11.7752315605,79755,,,11.752974859004
2023-11-28 00:00:00+00:00,11.7384913685,11.8027867046,11.7201212724,11.8027867046,79558,,,11.749069339920002
2023-11-29 00:00:00+00:00,11.8119717526,11.8119717526,11.7660465125,11.8027867046,74150,,,11.744848272597999
2023-11-30 00:00:00+00:00,11.7844166085,11.8670820407,11.7293063204,11.8670820407,118791,,,11.738826493249999
2023-12-01 00:00:00+00:00,11.8303418486,11.8775529955,11.7526363424,11.7844166085,132352,,,11.735472671505999
2023-12-04 00:00:00+00:00,11.8119717526,11.8762670887,11.7844166085,11.8303418486,104202,,,11.728148434948
2023-12-05 00:00:00+00:00,11.8487119447,11.8487119447,11.7844166085,11.7936016566,92465,,,11.722099454166
2023-12-06 00:00:00+00:00,11.8487119447,11.9038222328,11.8406291024,11.8578969927,141132,,,11.721454992724
2023-12-07 00:00:00+00:00,11.9221923288,11.9313773769,11.8578969927,11.9038222328,365146,,,11.723180892188
2023-12-08 00:00:00+00:00,12.1242633853,12.1609117269,11.9497474729,11.986487665,187818,,,11.728227610203998
2023-12-11 00:00:00+00:00,12.4457400659,12.5558687917,12.2252989135,12.3355194897,593616,,,11.736280999582
2023-12-12 00:00:00+00:00,12.8406971307,12.8406971307,12.491665306,12.5467755941,482147,,,11.757277748307999
2023-12-13 00:00:00+00:00,12.7396616025,12.8588835258,12.6753662664,12.8131419867,498638,,,11.779316347428
2023-12-14 00:00:00+00:00,12.8866223708,13.1162485713,12.7855868426,12.8406971307,239727,,,11.803753709979999
2023-12-15 00:00:00+00:00,12.941732659,13.0426763367,12.9049924669,12.9233625629,200006,,,11.828932977007998
2023-12-18 00:00:00+00:00,13.1529887634,13.1713588594,12.960102755,13.0152130431,212920,,,11.858157215478
2023-12-19 00:00:00+00:00,13.3275046758,13.3734299159,13.1442629678,13.1529887634,201663,,,11.889971018974
2023-12-20 00:00:00+00:00,13.4404807664,13.5239044401,13.3014413102,13.3107106073,195346,,,11.922963440414001
2023-12-21 00:00:00+00:00,13.0048238036,13.394134281,12.9955545065,13.3755956868,230379,,,11.947603023886002
2023-12-22 00:00:00+00:00,12.9862852095,13.1994790423,12.93076212,12.9862852095,145150,,,11.974934396436
2023-12-26 00:00:00+00:00,12.9399387241,13.0187277492,12.7835656823,12.930669427,311377,,,12.000978537988
2023-12-27 00:00:00+00:00,12.7174755941,12.9584773182,12.6433212175,12.9492080211,249915,,,12.02293371823
2023-12-28 00:00:00+00:00,12.7638220795,12.7823606737,12.6618598117,12.6618598117,116259,,,12.047437183982
2023-12-29 00:00:00+00:00,12.9399387241,12.9492080211,12.7730913766,12.8101685649,119724,,,12.077084338428001
2024-01-02 00:00:00+00:00,13.2180176365,13.3477877956,12.9492080211,12.9862852095,194242,,,12.113554125636002
2024-01-03 00:00:00+00:00,13.1809404482,13.2550948248,13.1267150602,13.2272869336,101641,,,12.149282369078001
2024-01-04 00:00:00+00:00,13.1253246657,13.1438632598,13.0326316949,13.0975167744,150153,,,12.182565182098001
2024-01-05 00:00:00+00:00,13.0697088832,13.1160553686,12.9492080211,13.0604395861,161716,,,12.213261981705998
2024-01-08 00:00:00+00:00,13.2458255277,13.2550948248,13.0789781803,13.1438632598,105301,,,12.250574060124
2024-01-09 00:00:00+00:00,13.2180176365,13.273633419,13.1345939627,13.2365562306,161120,,,12.287148042724
2024-01-10 00:00:00+00:00,13.0975167744,13.3006997664,13.0789781803,13.2272869336,131448,,,12.32094813209
2024-01-11 00:00:00+00:00,13.0326316949,13.1345939627,12.9770159124,13.1160553686,121117,,,12.349993697956002
2024-01-12 00:00:00+00:00,12.9677466153,13.1141088162,12.8935922387,13.0975167744,160598,,,12.37428474032
2024-01-16 00:00:00+00:00,13.0419009919,13.0789781803,12.9584773182,12.9584773182,115878,,,12.398785304248001
2024-01-17 00:00:00+00:00,13.1345939627,13.162309161,13.0233623978,13.0419009919,74434,,,12.422956471648
2024-01-18 00:00:00+00:00,13.394134281,13.4126728752,13.1716711511,13.2087483394,134887,,,12.450317127466
2024-01-19 00:00:00+00:00,13.4590193606,13.4868272518,13.3663263898,13.4312114693,114896,,,12.480976802824
2024-01-22 00:00:00+00:00,13.4497500635,13.5457799812,13.4034035781,13.4868272518,135069,,,12.510541402263998
2024-01-23 00:00:00+00:00,13.4618001497,13.5132524783,13.3588954925,13.4243802744,133090,,,12.544531577319999
2024-01-24 00:00:00+00:00,13.386960399,13.555349838,13.386960399,13.5179299627,154885,,,12.579572089296
2024-01-25 00:00:00+00:00,13.4056703367,13.4664776341,13.3588954925,13.4524451809,70972,,,12.613895172054
2024-01-26 00:00:00+00:00,13.4337352432,13.499220025,13.3401855549,13.4524451809,157108,,,12.649325366928002
2024-01-29 00:00:00+00:00,13.4243802744,13.5272849315,13.3776054302,13.5179299627,100740,,,12.682749082473999
2024-01-30 00:00:00+00:00,13.4618001497,13.5179299627,13.4337352432,13.5085749938,95071,,,12.714737939582
2024-01-31 00:00:00+00:00,13.4337352432,13.5210171024,13.4056703367,13.5085749938,132867,,,12.747257126531998
2024-02-01 00:00:00+00:00,13.4898650562,13.5459948692,13.3963153679,13.4898650562,115395,,,12.779261467784002
2024-02-02 00:00:00+00:00,13.3027656795,13.5109137361,13.274700773,13.4805100873,158206,,,12.80715994551
2024-02-05 00:00:00+00:00,13.3121206484,13.3400920052,13.21857096,13.330830586,96245,,,12.836428119584
2024-02-06 00:00:00+00:00,13.4150253055,13.4524451809,13.3121206484,13.4056703367,87765,,,12.870877303125999
2024-02-07 00:00:00+00:00,13.4618001497,13.5272849315,13.4056703367,13.4243802744,115292,,,12.904608674910001
2024-02-08 00:00:00+00:00,13.4618001497,13.4711551185,13.4243802744,13.4618001497,105196,,,12.938707448614
2024-02-09 00:00:00+00:00,13.4618001497,13.5450593723,13.3963153679,13.4618001497,118887,,,12.973173624238
2024-02-12 00:00:00+00:00,13.5834147445,13.5880922289,13.4711551185,13.4711551185,111351,,,13.008602484076
2024-02-13 00:00:00+00:00,13.5085749938,13.6021246822,13.4805100873,13.499220025,174070,,,13.043085651782
2024-02-14 00:00:00+00:00,13.77986909,13.7985790276,13.5459948692,13.5647048068,152604,,,13.08207619661
2024-02-15 00:00:00+00:00,13.8734187783,13.9107451039,13.7305684042,13.7985790276,132159,,,13.123305137124
2024-02-16 00:00:00+00:00,13.9014836848,13.9950333731,13.835998903,13.8734187783,158328,,,13.164360571926
2024-02-20 00:00:00+00:00,13.8640638095,13.948258529,13.8640638095,13.892128716,109532,,,13.204667609222001
2024-02-21 00:00:00+00:00,14.0071948326,14.0166336431,13.8278574325,13.8844902957,89649,,,13.246367659298
2024-02-22 00:00:00+00:00,13.9694395905,14.1099834793,13.9505619694,14.0449500747,127756,,,13.283271183402
2024-02-23 00:00:00+00:00,13.978878401,14.1393381801,13.8089798114,14.0166336431,199364,,,13.313933950104
2024-02-26 00:00:00+00:00,14.1110217485,14.1298993695,13.9128067273,14.0071948326,122482,,,13.33934044246
2024-02-27 00:00:00+00:00,14.2903591486,14.2903591486,14.0355112642,14.1393381801,141211,,,13.370354393382
2024-02-28 00:00:00+00:00,14.2526039065,14.2714815276,14.2054098538,14.243165096,83678,,,13.397674024096
2024-02-29 00:00:00+00:00,14.2714815276,14.2997979592,14.2242874749,14.2809203381,98303,,,13.424269001468002
2024-03-01 00:00:00+00:00,14.4791353593,14.4980129804,14.2809203381,14.2809203381,102275,,,13.450791933386002
2024-03-04 00:00:00+00:00,14.5074517909,14.5820183941,14.4413801172,14.4791353593,88759,14.510283434066666,,13.474390875688
2024-03-05 00:00:00+00:00,14.2997979592,14.5546458436,14.2809203381,14.5546458436,137047,14.430273466885867,,13.491577219544002
2024-03-06 00:00:00+00:00,14.3186755802,14.4130636856,14.2809203381,14.4130636856,91878,14.40345766073416,,13.517854255076
2024-03-07 00:00:00+00:00,14.262042717,14.3281143908,14.243165096,14.2997979592,130828,14.36679658348551,,13.543369405226
2024-03-08 00:00:00+00:00,14.1959710433,14.3186755802,14.1676546117,14.3186755802,77213,14.34632842457575,,13.568490051609999
2024-03-11 00:00:00+00:00,14.1487769906,14.2337262854,14.1393381801,14.2337262854,66762,14.326904338448163,,13.597116079540001
2024-03-12 00:00:00+00:00,14.1582158012,14.3469920118,14.1389606277,14.2242874749,125860,14.307249259883646,,13.625003953974002
2024-03-13 00:00:00+00:00,14.120460559,14.2524151303,14.1110217485,14.2054098538,101704,14.289148299834572,,13.648614390671998
2024-03-14 00:00:00+00:00,14.243165096,14.2526039065,14.1439631972,14.1959710433,211275,14.273598738508982,,13.669117339862
2024-03-15 00:00:00+00:00,14.262042717,14.3564308224,14.1965373719,14.243165096,95967,14.273434569923781,,13.690739385237999
2024-03-18 00:00:00+00:00,14.4885741698,14.5074517909,14.3658696329,14.3941860645,136797,14.292971191770883,,13.71800437532
2024-03-19 00:00:00+00:00,14.2054098538,14.5168906014,14.1676546117,14.5168906014,155339,14.293373976801973,,13.740718394732001
2024-03-20 00:00:00+00:00,14.1940832812,14.3550765748,14.1559783596,14.2702931243,130410,14.288466020502891,,13.759683549802
2024-03-21 00:00:00+00:00,14.1083472077,14.2684831405,14.0892947469,14.213135742,114023,14.279345412053228,,13.777490141225998
2024-03-22 00:00:00+00:00,13.4224586196,14.0469030217,13.3463440388,14.0226111342,957018,14.033193134434116,,13.783988978130001
2024-03-25 00:00:00+00:00,13.1557241687,13.5177209235,13.0509356344,13.384353698,495093,13.907395698828973,13.2414602422,13.786450827606
2024-03-26 00:00:00+00:00,13.3938799284,13.4694229354,13.212881551,13.212881551,282800,13.861742992359014,13.284092533540393,13.794973493868001
2024-03-27 00:00:00+00:00,13.5939307666,13.603456997,13.4034061588,13.5177209235,226381,13.841251229148142,13.340335442494395,13.806014089362
2024-03-28 00:00:00+00:00,13.6225094578,13.6606143793,13.5462996147,13.6225094578,116419,13.834049870102673,13.368328572101356,13.815772399264
2024-04-01 00:00:00+00:00,13.6606143793,13.7272979921,13.6334646227,13.7272979921,120995,13.829029800320248,13.398094171472781,13.821102001229999
2024-04-02 00:00:00+00:00,13.6129832274,13.7176764994,13.555825845,13.6606143793,84835,13.82472720560613,13.41285030370041,13.824181278566
2024-04-03 00:00:00+00:00,13.5844045362,13.6030759478,13.5081946931,13.5748783058,78769,13.819650243026443,13.421391167167092,13.82687436802
2024-04-04 00:00:00+00:00,13.3462487765,13.5462996147,13.2606079653,13.5177209235,217809,13.797311644236208,13.416425254523006,13.824563340556
2024-04-05 00:00:00+00:00,13.4415110804,13.4415110804,13.3643486142,13.4129323892,56565,13.792293500681042,13.416403870176673,13.825654354184001
2024-04-08 00:00:00+00:00,13.4700897715,13.555825845,13.4224586196,13.5081946931,92009,13.785810490753018,13.419851596954265,13.826942742879998
2024-04-09 00:00:00+00:00,13.4415110804,13.504098414,13.3938799284,13.4796160019,80991,13.77966740392453,13.421016402298783,13.827098259624
2024-04-10 00:00:00+00:00,13.4034061588,13.4034061588,13.3367225461,13.384353698,83550,13.772361486813315,13.419297340759151,13.826678777312003
2024-04-11 00:00:00+00:00,13.4510373108,13.4510373108,13.3937846661,13.4510373108,53268,13.768428419019282,13.419636195841596,13.826463520534
2024-04-12 00:00:00+00:00,13.3653012372,13.4415110804,13.3462487765,13.4415110804,96378,13.760563880563767,13.418005955406818,13.825094840414001
2024-04-15 00:00:00+00:00,13.3557750069,13.7082455313,13.3367225461,13.43198485,266326,13.744837873633655,13.423543599567667,13.822413039428
2024-04-16 00:00:00+00:00,13.4034061588,13.4891422323,13.2224077814,13.4224586196,180800,13.73174634789862,13.419839677241214,13.824425849013998
2024-04-17 00:00:00+00:00,13.6225094578,13.6415619186,13.4034061588,13.4700897715,123786,13.727620178323358,13.426175625940818,13.830633625202
2024-04-18 00:00:00+00:00,13.7177717617,13.7177717617,13.6415619186,13.6415619186,129522,13.72677576889709,13.438549699237338,13.836688554326
2024-04-19 00:00:00+00:00,13.7177717617,13.7463504528,13.6129832274,13.7082455313,111536,13.7260803799542,13.448319048047686,13.841807986566
2024-04-22 00:00:00+00:00,13.8454232489,13.8742879256,13.7010998655,13.7299645422,95033,13.727449171810601,13.459706311120023,13.84948044855
2024-04-23 00:00:00+00:00,13.7395861011,13.8742879256,13.7010998655,13.8742879256,112596,13.72831844123987,13.471016872841835,13.855036167577998
2024-04-24 00:00:00+00:00,13.5856411588,13.7780723366,13.5760195999,13.7780723366,88615,13.727072781612558,13.475887552988391,13.855080695864
2024-04-25 00:00:00+00:00,13.470182452,13.5952627177,13.4316962165,13.566398041,80819,13.723947016935304,13.476459093068954,13.854312845028
2024-04-26 00:00:00+00:00,13.6818567477,13.7299645422,13.470182452,13.470182452,65972,13.722877914934209,13.47943842677652,13.852352598182
2024-04-29 00:00:00+00:00,13.6626136299,13.6914783066,13.6241273943,13.6914783066,47638,13.722374759627732,13.481968544449487,13.848136495213998
2024-04-30 00:00:00+00:00,13.6241273943,13.74920766,13.6145058354,13.6626136299,86073,13.721530882150594,13.48644352369588,13.842589369404003
2024-05-01 00:00:00+00:00,13.7395861011,13.7780723366,13.6145058354,13.6145058354,89931,13.721373720596493,13.492101956844802,13.840099815235998
2024-05-02 00:00:00+00:00,13.7780723366,13.8069370133,13.6722351888,13.7395861011,75237,13.72174675696211,13.497482871023683,13.835517365316
2024-05-03 00:00:00+00:00,13.7780723366,13.8550448078,13.74920766,13.8165585722,99264,13.722876162194733,13.505357742558846,13.831690020238
2024-05-06 00:00:00+00:00,13.8261801311,13.8454232489,13.7780723366,13.8454232489,101183,13.72434326638804,13.513557391260248,13.82863605484
2024-05-07 00:00:00+00:00,13.7684507778,13.8935310434,13.74920766,13.8935310434,128173,13.725887481559527,13.522929579111524,13.821784635425999
2024-05-08 00:00:00+00:00,13.8454232489,13.8646663667,13.7876938955,13.8069370133,88406,13.727300184856936,13.529677860090384,13.812885917432
2024-05-09 00:00:00+00:00,13.8550448078,13.8935310434,13.8262763467,13.8935310434,67688,13.728614579230616,13.535070735003307,13.804934735458
2024-05-10 00:00:00+00:00,13.9512603967,13.9512603967,13.8454232489,13.8550448078,76035,13.730703077842742,13.541965764854817,13.79853031284
2024-05-13 00:00:00+00:00,14.0378544268,14.0452630271,13.9416388378,13.9512603967,136382,13.736143436044749,13.556629095768388,13.78970469419
2024-05-14 00:00:00+00:00,14.1148268979,14.1148268979,13.9801250734,14.0570975446,105830,13.741144328566618,13.568856380177941,13.78185219633
2024-05-15 00:00:00+00:00,14.201420928,14.2687718403,14.1148268979,14.2302856047,110422,13.748130154039012,13.584041707597475,13.779884655705999
2024-05-16 00:00:00+00:00,14.1533131335,14.2687718403,14.1340700157,14.2687718403,83970,13.753188902365709,13.594931014892648,13.776577406771999
2024-05-17 00:00:00+00:00,14.2206640458,14.2399071636,14.1533131335,14.2110424869,74261,13.75776108321596,13.604541130931135,13.775749833348
2024-05-20 00:00:00+00:00,14.2976365169,14.2976365169,14.1917993691,14.2591502814,81537,13.763310653346846,13.615731934874072,13.777783142819999
2024-05-21 00:00:00+00:00,14.3265011936,14.3361227525,14.2976365169,14.3361227525,100997,13.770793609268669,13.630267952702422,13.78133762688
2024-05-22 00:00:00+00:00,14.2437557871,14.3894968081,14.224323651,14.3214843317,96147,13.777300307730538,13.6428997303303,13.783048426598
2024-05-23 00:00:00+00:00,14.1563111745,14.2631879233,14.1174469023,14.2631879233,61372,13.78051342912984,13.649412846770435,13.783765438908
2024-05-24 00:00:00+00:00,14.224323651,14.2534718552,14.1271629703,14.1368790384,60075,13.78378538271986,13.655903288833917,13.783388610008
2024-05-28 00:00:00+00:00,14.1660272426,14.2826200594,14.1563111745,14.2729039913,95913,13.788905142733503,13.665955227470917,13.78146830052
2024-05-29 00:00:00+00:00,14.088298698,14.2340397191,14.0591504938,14.1563111745,72756,13.792019960003998,13.672310271560946,13.773462791084
2024-05-30 00:00:00+00:00,14.1368790384,14.1950782861,14.1077308342,14.1368790384,69179,13.795097281065784,13.678443427171397,13.772092174776
2024-05-31 00:00:00+00:00,14.1951754468,14.2340397191,14.1382392879,14.2340397191,70104,13.798533061716874,13.685049769830043,13.772114018088
2024-06-03 00:00:00+00:00,14.2729039913,14.3312003997,14.2067375678,14.2340397191,73028,13.802779247519744,13.692831015152048,13.775405153759998
2024-06-04 00:00:00+00:00,14.3409164678,14.3992128762,14.3020521955,14.3020521955,62224,13.806924290680877,13.700163468079733,13.793774310724
2024-06-05 00:00:00+00:00,14.3603486039,14.4088317836,14.3312003997,14.3797807401,52473,13.810494764838957,13.70640192952832,13.817866799428
2024-06-06 00:00:00+00:00,14.4575092846,14.4575092846,14.3409164678,14.4186450123,59478,13.814859345235353,13.713877747941284,13.839139386551999
2024-06-07 00:00:00+00:00,14.4672253527,14.4672253527,14.3506325359,14.3603486039,45394,13.818201427937913,13.719555802266761,13.856605278273998
2024-06-10 00:00:00+00:00,14.4283610804,14.4752896892,14.3506325359,14.4477932165,64251,13.822791514215508,13.727325810566633,13.872722310726
2024-06-11 00:00:00+00:00,14.4769414208,14.4866574888,14.3506325359,14.4575092846,61137,13.82723882580137,13.734769709982427,13.889048851556
2024-06-12 00:00:00+00:00,14.4963735569,14.5741021014,14.4779130276,14.506089625,65301,13.832516551444991,13.743413780483824,13.906716658146
2024-06-13 00:00:00+00:00,14.3797807401,14.515805693,14.3215814924,14.4866574888,114472,13.840112691185675,13.756013635096616,13.922624182223998
2024-06-14 00:00:00+00:00,14.3992128762,14.4283610804,14.3021493562,14.3214843317,39351,13.842545474695994,13.7600455826858,13.943683464218
2024-06-17 00:00:00+00:00,14.5643860334,14.5643860334,14.377060241,14.4380771485,57457,13.846882917332735,13.76701765030541,13.966140963277999
2024-06-18 00:00:00+00:00,14.4866574888,14.5838181695,14.3797807401,14.5741021014,120381,13.855536165848807,13.780850780449109,13.986472317624
2024-06-20 00:00:00+00:00,14.5352378292,14.5643860334,14.4380771485,14.4380771485,62395,13.860133272032886,13.788101378254423,14.0083468526
2024-06-21 00:00:00+00:00,14.5099760522,14.6031773859,14.4413013853,14.4805440521,69213,13.865201042873524,13.796038702512067,14.030478250468
2024-06-24 00:00:00+00:00,14.3333840515,14.5099760522,14.3039520514,14.5099760522,130175,13.872586243222392,13.807789387684593,14.048125185281998
2024-06-25 00:00:00+00:00,14.284330718,14.4118693852,14.2255648245,14.4118693852,93171,13.876983371205784,13.814851658148305,14.066505774897998
2024-06-26 00:00:00+00:00,14.2941413847,14.3628160517,14.2450880512,14.3333840515,111440,13.882048665487444,13.822931449781848,14.085273102454
2024-06-27 00:00:00+00:00,14.3235733848,14.3842033051,14.2745200513,14.3431947182,94844,13.886534614404935,13.829972578981545,14.103676446974
2024-06-28 00:00:00+00:00,14.3628160517,14.4609227187,14.3235733848,14.4020587185,38580,13.88855806833392,13.833091316598981,14.118482578852001
2024-07-01 00:00:00+00:00,14.4020587185,14.4413013853,14.3333840515,14.3628160517,80770,13.892824391590917,13.83962251729016,14.132168317987999
2024-07-02 00:00:00+00:00,14.4609227187,14.4707333854,14.2941413847,14.4216800519,74614,13.896828776682732,13.845696354169268,14.147031337128
2024-07-03 00:00:00+00:00,14.6178933859,14.6374166126,14.5075233855,14.5197867189,45405,13.90007705567452,13.850484793264709,14.162480739867998
2024-07-05 00:00:00+00:00,14.6277040526,14.7061893862,14.5982720525,14.5982720525,132184,13.910124197021666,13.86512058239321,14.180243098898002
2024-07-08 00:00:00+00:00,14.7650533864,14.8141067199,14.6080827192,14.6963787195,132220,13.921039461775235,13.88077020702324,14.203831343449998
2024-07-09 00:00:00+00:00,14.912213387,14.912213387,14.7258107196,14.7650533864,143818,13.934315630044225,13.899499218199482,14.23267196215
2024-07-10 00:00:00+00:00,14.915156587,14.9759827205,14.8631600535,14.9416453871,69135,13.941027597598417,13.90887324110177,14.257337958936
2024-07-11 00:00:00+00:00,14.83,14.9294,14.76,14.9,80334,13.948096821926507,13.918722862184342,14.280685686338
2024-07-12 00:00:00+00:00,14.89,14.92,14.75,14.75,93208,13.956283213996578,13.930057026320489,14.306003138451999
2024-07-15 00:00:00+00:00,14.92,14.99,14.82,14.96,106737,13.966058675736916,13.943479474605809,14.32961141643
2024-07-16 00:00:00+00:00,14.92,14.98,14.86,14.945,57253,13.971274723759207,13.950601711923282,14.352449969698
2024-07-17 00:00:00+00:00,14.92,14.972,14.81,14.87,92116,13.979379698568904,13.961621126981271,14.375288522966
2024-07-18 00:00:00+00:00,14.86,15.0,14.83,14.99,107606,13.988630035501961,13.974120685697928,14.395964920344
2024-07-19 00:00:00+00:00,14.82,14.94,14.8,14.86,38319,13.991724178010275,13.978286223040358,14.416995904788001
2024-07-22 00:00:00+00:00,14.82,14.82,14.82,14.82,0,13.991724178010275,13.978286223040358,14.436487439810001
