date,Open,High,Low,Close,Volume
2025-02-03 15:00:00+00:00,127.93,130.015,127.38,129.775,2092.0
2025-02-03 16:00:00+00:00,129.775,130.185,128.53,128.53,2850.0
2025-02-03 17:00:00+00:00,128.495,128.765,125.37,125.37,1697.0
2025-02-03 18:00:00+00:00,125.855,126.4,125.31,126.4,2669.0
2025-02-03 19:00:00+00:00,126.4,126.735,125.01,125.22,3277.0
2025-02-03 20:00:00+00:00,125.22,125.77,124.34,125.01,6867.0
2025-02-04 15:00:00+00:00,125.86,126.895,124.13,124.53,1636.0
2025-02-04 16:00:00+00:00,124.53,125.09,124.25,124.455,1545.0
2025-02-04 17:00:00+00:00,124.44,124.85,124.44,124.505,588.0
2025-02-04 18:00:00+00:00,124.505,124.505,123.43,123.65,1036.0
2025-02-04 19:00:00+00:00,123.65,124.14,123.08,123.08,2374.0
2025-02-04 20:00:00+00:00,123.08,123.5,122.25,122.3,8379.0
2025-02-05 15:00:00+00:00,121.8,126.66,121.8,125.055,6569.0
2025-02-05 16:00:00+00:00,125.055,127.74,125.02,127.23,6400.0
2025-02-05 17:00:00+00:00,127.14,129.36,127.02,128.905,7062.0
2025-02-05 18:00:00+00:00,128.905,130.26,126.96,127.48,9910.0
2025-02-05 19:00:00+00:00,127.4,131.525,127.4,131.03,8416.0
2025-02-05 20:00:00+00:00,131.055,131.39,129.39,129.39,12420.0
2025-02-06 15:00:00+00:00,126.78,129.28,126.78,127.23,4501.0
2025-02-06 16:00:00+00:00,127.605,128.565,127.4,127.93,4197.0
2025-02-06 17:00:00+00:00,127.5,129.3,127.5,128.58,6756.0
2025-02-06 18:00:00+00:00,128.66,128.895,127.96,128.25,6341.0
2025-02-06 19:00:00+00:00,128.23,128.34,125.95,125.95,5930.0
2025-02-06 20:00:00+00:00,125.72,126.29,124.99,124.99,10529.0
2025-02-07 15:00:00+00:00,126.325,126.325,124.1,124.14,2189.0
2025-02-07 16:00:00+00:00,124.14,124.14,121.41,121.41,4929.0
2025-02-07 17:00:00+00:00,121.58,122.865,120.65,121.63,3022.0
2025-02-07 18:00:00+00:00,121.63,123.23,121.63,122.57,5847.0
2025-02-07 19:00:00+00:00,122.64,122.77,121.57,121.57,1925.0
2025-02-07 20:00:00+00:00,121.37,121.59,120.745,120.75,5231.0
2025-02-10 15:00:00+00:00,122.27,122.27,119.57,120.015,2490.0
2025-02-10 16:00:00+00:00,120.015,122.31,120.015,121.49,1252.0
2025-02-10 17:00:00+00:00,121.49,122.48,120.845,122.47,1204.0
2025-02-10 18:00:00+00:00,122.47,122.47,120.59,120.885,1223.0
2025-02-10 19:00:00+00:00,120.885,121.31,120.31,121.01,5258.0
2025-02-10 20:00:00+00:00,120.88,121.005,119.01,119.47,5596.0
2025-02-11 15:00:00+00:00,118.81,119.7,118.77,119.11,5961.0
2025-02-11 16:00:00+00:00,119.11,119.86,119.11,119.86,426.0
2025-02-11 17:00:00+00:00,119.86,120.34,119.75,120.27,1794.0
2025-02-11 18:00:00+00:00,120.27,120.3,119.4,119.545,3199.0
2025-02-11 19:00:00+00:00,119.545,120.5,119.545,119.75,1908.0
2025-02-11 20:00:00+00:00,119.75,119.87,118.75,119.675,7695.0
2025-02-12 15:00:00+00:00,121.44,123.92,120.77,122.495,5093.0
2025-02-12 16:00:00+00:00,122.5,123.24,121.47,122.955,4799.0
2025-02-12 17:00:00+00:00,122.965,124.48,122.965,124.225,3197.0
2025-02-12 18:00:00+00:00,124.225,125.4,124.225,125.065,9961.0
2025-02-12 19:00:00+00:00,124.87,126.385,124.6,125.91,7187.0
2025-02-12 20:00:00+00:00,125.56,126.46,125.0,126.43,14588.0
2025-02-13 15:00:00+00:00,142.77,146.33,142.56,145.02,11045.0
2025-02-13 16:00:00+00:00,144.675,145.38,143.38,144.165,6091.0
2025-02-13 17:00:00+00:00,144.165,147.145,144.0,145.96,12496.0
2025-02-13 18:00:00+00:00,145.96,146.65,144.78,145.48,4898.0
2025-02-13 19:00:00+00:00,145.48,145.62,142.45,142.57,6303.0
2025-02-13 20:00:00+00:00,142.57,143.49,141.71,142.71,14003.0
2025-02-14 15:00:00+00:00,146.185,146.185,142.77,144.415,3813.0
2025-02-14 16:00:00+00:00,144.56,145.01,143.36,144.2,4286.0
2025-02-14 17:00:00+00:00,144.2,144.53,142.86,144.24,3251.0
2025-02-14 18:00:00+00:00,144.24,145.38,143.91,144.53,6744.0
2025-02-14 19:00:00+00:00,144.2,144.63,142.03,142.89,4651.0
2025-02-14 20:00:00+00:00,142.9,144.85,142.9,144.31,17972.0
2025-02-17 15:00:00+00:00,144.31,144.31,144.31,144.31,0.0
2025-02-17 16:00:00+00:00,144.31,144.31,144.31,144.31,0.0
2025-02-17 17:00:00+00:00,144.31,144.31,144.31,144.31,0.0
2025-02-17 18:00:00+00:00,144.31,144.31,144.31,144.31,0.0
2025-02-17 19:00:00+00:00,144.31,144.31,144.31,144.31,0.0
2025-02-17 20:00:00+00:00,144.31,144.31,144.31,144.31,0.0
2025-02-18 15:00:00+00:00,147.99,152.64,147.99,150.995,10141.0
2025-02-18 16:00:00+00:00,150.995,151.43,150.19,150.89,5589.0
2025-02-18 17:00:00+00:00,150.675,152.73,150.355,152.38,4647.0
2025-02-18 18:00:00+00:00,152.38,153.71,152.04,153.37,10795.0
2025-02-18 19:00:00+00:00,153.37,153.94,152.65,152.96,4204.0
2025-02-18 20:00:00+00:00,153.11,157.36,153.01,156.37,22158.0
2025-02-19 15:00:00+00:00,150.845,154.52,150.35,153.46,13579.0
2025-02-19 16:00:00+00:00,153.46,154.35,152.94,153.045,11857.0
2025-02-19 17:00:00+00:00,153.045,153.78,151.4,153.04,10114.0
2025-02-19 18:00:00+00:00,153.35,155.43,153.01,155.32,6916.0
2025-02-19 19:00:00+00:00,155.285,156.84,154.84,155.85,6499.0
2025-02-19 20:00:00+00:00,155.85,155.955,154.035,155.23,5356.0
2025-02-20 15:00:00+00:00,153.255,155.63,153.1,155.29,6224.0
2025-02-20 16:00:00+00:00,155.405,156.0,154.755,155.25,4300.0
2025-02-20 17:00:00+00:00,155.24,155.61,154.15,154.7,2645.0
2025-02-20 18:00:00+00:00,154.7,154.78,153.415,154.76,2685.0
2025-02-20 19:00:00+00:00,154.76,155.38,154.585,154.915,2047.0
2025-02-20 20:00:00+00:00,154.985,155.37,154.25,154.69,8001.0
2025-02-21 15:00:00+00:00,152.7,153.825,152.4,152.43,905.0
2025-02-21 16:00:00+00:00,152.43,155.2,152.43,155.2,1842.0
2025-02-21 17:00:00+00:00,155.2,155.2,153.88,154.23,1839.0
2025-02-21 18:00:00+00:00,154.23,154.23,152.38,153.12,4554.0
2025-02-21 19:00:00+00:00,153.12,153.51,152.93,153.45,937.0
2025-02-21 20:00:00+00:00,153.26,153.64,152.47,152.61,5165.0
2025-02-24 15:00:00+00:00,152.83,153.0,150.02,150.82,4711.0
2025-02-24 16:00:00+00:00,151.16,152.22,151.16,151.945,3953.0
2025-02-24 17:00:00+00:00,151.945,153.57,151.71,152.65,3616.0
2025-02-24 18:00:00+00:00,152.65,153.03,152.44,152.94,777.0
2025-02-24 19:00:00+00:00,152.94,153.25,151.97,152.26,2279.0
2025-02-24 20:00:00+00:00,152.26,152.37,150.505,151.18,6256.0
2025-02-25 15:00:00+00:00,151.415,151.42,149.69,151.375,4545.0
2025-02-25 16:00:00+00:00,151.4,151.72,148.02,150.29,4274.0
2025-02-25 17:00:00+00:00,149.97,151.585,149.97,151.3,7673.0
2025-02-25 18:00:00+00:00,151.3,151.83,150.59,151.41,3685.0
2025-02-25 19:00:00+00:00,151.41,151.41,150.585,151.38,2791.0
2025-02-25 20:00:00+00:00,151.11,152.33,150.48,151.65,6963.0
2025-02-26 15:00:00+00:00,151.6,152.055,150.64,151.41,4040.0
2025-02-26 16:00:00+00:00,151.41,152.94,151.41,152.585,1210.0
2025-02-26 17:00:00+00:00,152.585,155.61,152.585,153.565,4866.0
2025-02-26 18:00:00+00:00,153.785,154.06,151.22,151.54,2971.0
2025-02-26 19:00:00+00:00,151.54,151.54,150.43,151.11,5362.0
2025-02-26 20:00:00+00:00,151.11,152.75,149.98,152.64,18194.0
2025-02-27 15:00:00+00:00,153.81,154.19,152.335,153.32,1177.0
2025-02-27 16:00:00+00:00,153.32,154.09,153.14,154.09,800.0
2025-02-27 17:00:00+00:00,153.89,153.97,152.89,153.18,3343.0
2025-02-27 18:00:00+00:00,153.135,153.51,152.7,153.245,2900.0
2025-02-27 19:00:00+00:00,153.245,154.04,152.9,153.55,3607.0
2025-02-27 20:00:00+00:00,153.29,153.45,152.77,153.25,7012.0
2025-02-28 15:00:00+00:00,154.0,156.23,153.905,155.67,4906.0
2025-02-28 16:00:00+00:00,155.67,155.67,154.42,155.6,3575.0
2025-02-28 17:00:00+00:00,155.77,157.38,155.18,155.43,7121.0
2025-02-28 18:00:00+00:00,155.43,156.49,154.74,155.765,1175.0
2025-02-28 19:00:00+00:00,155.765,157.175,155.65,157.125,1671.0
2025-02-28 20:00:00+00:00,157.03,157.35,156.265,156.77,7700.0
2025-03-03 15:00:00+00:00,155.52,155.73,153.8,154.38,7513.0
2025-03-03 16:00:00+00:00,154.56,156.15,154.4,155.345,5145.0
2025-03-03 17:00:00+00:00,155.345,156.625,155.09,156.4,3513.0
2025-03-03 18:00:00+00:00,156.4,156.4,154.52,154.97,339.0
2025-03-03 19:00:00+00:00,154.97,155.35,154.14,154.185,805.0
2025-03-03 20:00:00+00:00,154.185,154.185,151.02,151.74,5609.0
2025-03-04 15:00:00+00:00,148.35,150.075,147.6,147.775,3116.0
2025-03-04 16:00:00+00:00,147.985,148.52,147.36,147.66,2083.0
2025-03-04 17:00:00+00:00,147.66,149.035,147.4,148.32,2357.0
2025-03-04 18:00:00+00:00,148.32,150.525,148.17,150.26,4239.0
2025-03-04 19:00:00+00:00,151.11,152.115,150.61,150.93,2600.0
2025-03-04 20:00:00+00:00,150.93,151.74,149.88,150.67,6087.0
2025-03-05 15:00:00+00:00,151.53,154.77,151.09,153.37,3086.0
2025-03-05 16:00:00+00:00,153.13,153.72,152.8,153.07,2275.0
2025-03-05 17:00:00+00:00,153.51,155.3,153.42,154.855,3234.0
2025-03-05 18:00:00+00:00,154.855,155.0,153.96,155.0,2888.0
2025-03-05 19:00:00+00:00,155.0,155.88,154.4,155.165,2726.0
2025-03-05 20:00:00+00:00,155.165,155.76,154.71,155.76,7194.0
2025-03-06 15:00:00+00:00,153.47,155.0,153.47,154.24,2448.0
2025-03-06 16:00:00+00:00,154.505,155.23,153.59,153.62,3250.0
2025-03-06 17:00:00+00:00,153.62,153.62,151.4,151.46,2232.0
2025-03-06 18:00:00+00:00,151.46,152.59,151.46,152.23,2295.0
2025-03-06 19:00:00+00:00,152.21,152.93,151.14,151.22,5096.0
2025-03-06 20:00:00+00:00,151.22,152.17,151.19,151.6,9196.0
2025-03-07 15:00:00+00:00,151.22,151.98,147.84,147.89,2044.0
2025-03-07 16:00:00+00:00,147.89,147.89,145.05,145.325,1086.0
2025-03-07 17:00:00+00:00,145.325,146.535,145.265,146.37,1056.0
2025-03-07 18:00:00+00:00,146.37,146.875,146.03,146.43,2121.0
2025-03-07 19:00:00+00:00,146.59,147.805,146.59,147.42,2512.0
2025-03-07 20:00:00+00:00,147.42,147.65,145.11,145.73,3376.0
2025-03-10 14:00:00+00:00,142.5,142.5,140.22,140.25,1488.0
2025-03-10 15:00:00+00:00,140.435,140.44,140.29,140.44,275.0
2025-03-10 16:00:00+00:00,140.44,140.44,140.44,140.44,0.0
2025-03-10 17:00:00+00:00,140.44,140.44,137.68,138.57,3594.0
2025-03-10 18:00:00+00:00,138.57,138.57,137.03,137.75,5377.0
2025-03-10 19:00:00+00:00,137.85,140.075,137.19,138.52,8067.0
2025-03-11 14:00:00+00:00,138.46,138.815,137.48,138.815,934.0
2025-03-11 15:00:00+00:00,138.815,141.18,138.5,139.75,3634.0
2025-03-11 16:00:00+00:00,139.75,141.82,139.73,141.4,1437.0
2025-03-11 17:00:00+00:00,141.4,141.82,140.21,141.64,1252.0
2025-03-11 18:00:00+00:00,141.64,145.015,141.64,145.015,2070.0
2025-03-11 19:00:00+00:00,145.015,145.94,144.32,145.76,11724.0
2025-03-12 14:00:00+00:00,148.34,150.46,148.08,148.18,4775.0
2025-03-12 15:00:00+00:00,148.18,148.18,146.05,146.05,963.0
2025-03-12 16:00:00+00:00,146.05,147.75,146.05,147.34,547.0
2025-03-12 17:00:00+00:00,147.34,148.37,147.34,148.365,1087.0
2025-03-12 18:00:00+00:00,148.365,150.245,148.11,150.21,4500.0
2025-03-12 19:00:00+00:00,150.21,150.53,148.36,150.185,6763.0
2025-03-13 14:00:00+00:00,150.355,153.47,150.355,153.47,4682.0
2025-03-13 15:00:00+00:00,153.47,153.48,151.81,152.17,4017.0
2025-03-13 16:00:00+00:00,152.17,152.72,151.84,152.46,2883.0
2025-03-13 17:00:00+00:00,152.73,152.76,149.84,150.21,3263.0
2025-03-13 18:00:00+00:00,150.07,152.53,150.01,152.52,3899.0
2025-03-13 19:00:00+00:00,152.52,153.01,152.155,152.465,8036.0
2025-03-14 14:00:00+00:00,153.95,154.47,153.39,154.0,10097.0
2025-03-14 15:00:00+00:00,154.15,154.975,153.88,154.25,2835.0
2025-03-14 16:00:00+00:00,154.25,155.5,153.6,155.5,4374.0
2025-03-14 17:00:00+00:00,155.5,155.5,154.26,154.49,3407.0
2025-03-14 18:00:00+00:00,154.49,154.62,153.38,153.41,3790.0
2025-03-14 19:00:00+00:00,153.41,153.82,151.465,152.88,5260.0
2025-03-17 14:00:00+00:00,167.29,167.29,164.04,165.23,9622.0
2025-03-17 15:00:00+00:00,165.23,167.045,164.25,166.3,10964.0
2025-03-17 16:00:00+00:00,166.34,167.55,165.96,166.57,13737.0
2025-03-17 17:00:00+00:00,166.57,166.57,165.25,165.385,8799.0
2025-03-17 18:00:00+00:00,165.39,167.24,165.355,166.8,8171.0
2025-03-17 19:00:00+00:00,166.86,169.345,166.8,168.92,14720.0
2025-03-18 14:00:00+00:00,165.735,167.5,164.38,166.98,4513.0
2025-03-18 15:00:00+00:00,166.98,168.605,166.91,167.97,3286.0
2025-03-18 16:00:00+00:00,167.97,168.6,167.4,168.12,1793.0
2025-03-18 17:00:00+00:00,168.12,168.9,167.79,168.0,1542.0
2025-03-18 18:00:00+00:00,167.855,167.855,166.91,167.205,2878.0
2025-03-18 19:00:00+00:00,167.205,167.93,164.59,164.62,4396.0
2025-03-19 14:00:00+00:00,165.725,165.725,161.36,161.785,3490.0
2025-03-19 15:00:00+00:00,161.785,165.14,161.785,165.05,5662.0
2025-03-19 16:00:00+00:00,165.05,165.5,164.31,164.485,1333.0
2025-03-19 17:00:00+00:00,164.485,164.7,163.79,164.285,1325.0
2025-03-19 18:00:00+00:00,163.86,166.22,163.86,165.91,2309.0
2025-03-19 19:00:00+00:00,165.91,166.87,165.25,166.125,4553.0
2025-03-20 14:00:00+00:00,164.68,165.17,163.39,163.81,3907.0
2025-03-20 15:00:00+00:00,163.81,164.245,163.25,164.2,475.0
2025-03-20 16:00:00+00:00,163.98,163.98,162.84,163.11,1569.0
2025-03-20 17:00:00+00:00,163.11,163.54,162.89,163.1,827.0
2025-03-20 18:00:00+00:00,163.1,163.84,162.87,163.84,1806.0
2025-03-20 19:00:00+00:00,163.84,163.96,162.9,163.19,4403.0
2025-03-21 14:00:00+00:00,162.26,163.7,162.125,163.69,1502.0
2025-03-21 15:00:00+00:00,163.57,164.575,163.495,163.895,1024.0
2025-03-21 16:00:00+00:00,163.895,166.41,163.895,166.4,1496.0
2025-03-21 17:00:00+00:00,166.4,167.02,165.97,167.02,697.0
2025-03-21 18:00:00+00:00,167.02,168.35,166.965,167.5,3379.0
2025-03-21 19:00:00+00:00,167.5,168.205,166.27,166.27,3895.0
2025-03-24 14:00:00+00:00,165.81,167.43,165.81,167.43,2928.0
2025-03-24 15:00:00+00:00,167.43,167.85,166.56,166.57,801.0
2025-03-24 16:00:00+00:00,166.56,167.055,166.175,166.34,1131.0
2025-03-24 17:00:00+00:00,166.34,167.815,166.32,167.815,861.0
2025-03-24 18:00:00+00:00,167.815,168.96,167.41,168.06,3007.0
2025-03-24 19:00:00+00:00,168.06,168.855,167.69,168.19,4799.0
2025-03-25 14:00:00+00:00,166.225,166.225,163.4,165.555,1447.0
2025-03-25 15:00:00+00:00,165.555,165.575,163.915,164.105,950.0
2025-03-25 16:00:00+00:00,164.105,164.27,162.63,163.575,2144.0
2025-03-25 17:00:00+00:00,163.575,164.18,162.375,162.45,3280.0
2025-03-25 18:00:00+00:00,162.45,162.99,161.77,161.895,2271.0
2025-03-25 19:00:00+00:00,161.895,162.1,161.095,161.17,5349.0
2025-03-26 14:00:00+00:00,158.875,160.485,158.015,160.47,1717.0
2025-03-26 15:00:00+00:00,160.345,160.345,157.74,157.92,1238.0
2025-03-26 16:00:00+00:00,157.92,158.72,157.61,158.13,901.0
2025-03-26 17:00:00+00:00,158.13,158.745,157.77,158.33,1290.0
2025-03-26 18:00:00+00:00,158.33,158.87,157.895,157.895,1533.0
2025-03-26 19:00:00+00:00,157.885,159.18,157.73,158.34,6506.0
2025-03-27 14:00:00+00:00,158.035,161.56,158.03,160.35,7278.0
2025-03-27 15:00:00+00:00,160.35,160.415,157.99,157.99,2465.0
2025-03-27 16:00:00+00:00,157.99,158.71,157.74,158.05,4094.0
2025-03-27 17:00:00+00:00,158.05,158.965,157.23,157.23,1018.0
2025-03-27 18:00:00+00:00,157.23,158.26,157.23,157.95,7851.0
2025-03-27 19:00:00+00:00,157.95,159.42,157.705,158.06,4057.0
2025-03-28 14:00:00+00:00,156.715,156.715,154.19,155.0,1610.0
2025-03-28 15:00:00+00:00,155.0,155.76,154.79,155.615,4431.0
2025-03-28 16:00:00+00:00,155.615,155.8,155.41,155.42,1290.0
2025-03-28 17:00:00+00:00,155.42,155.42,154.56,154.73,322.0
2025-03-28 18:00:00+00:00,154.84,155.03,154.155,154.575,479.0
2025-03-28 19:00:00+00:00,154.575,155.54,154.01,154.55,10123.0
2025-03-31 14:00:00+00:00,146.0,150.1,146.0,149.19,2629.0
2025-03-31 15:00:00+00:00,149.19,150.76,148.79,150.67,3550.0
2025-03-31 16:00:00+00:00,150.67,152.78,150.57,150.985,3392.0
2025-03-31 17:00:00+00:00,150.985,152.51,150.985,152.35,1525.0
2025-03-31 18:00:00+00:00,152.35,155.94,152.35,155.26,2020.0
2025-03-31 19:00:00+00:00,155.26,156.58,155.145,156.31,3108.0
2025-04-01 14:00:00+00:00,154.085,155.37,151.0,155.37,3521.0
2025-04-01 15:00:00+00:00,155.365,156.85,154.92,156.63,2730.0
2025-04-01 16:00:00+00:00,156.59,156.59,152.13,152.215,1525.0
2025-04-01 17:00:00+00:00,152.215,152.595,150.48,150.48,1328.0
2025-04-01 18:00:00+00:00,150.48,150.48,148.76,148.76,2502.0
2025-04-01 19:00:00+00:00,148.83,151.51,148.54,151.48,11394.0
2025-04-02 14:00:00+00:00,150.64,153.55,150.64,153.365,8174.0
2025-04-02 15:00:00+00:00,153.365,154.23,152.69,153.83,4029.0
2025-04-02 16:00:00+00:00,153.81,153.95,153.19,153.95,2933.0
2025-04-02 17:00:00+00:00,153.98,154.96,153.74,154.615,3833.0
2025-04-02 18:00:00+00:00,154.615,155.0,153.11,153.19,6166.0
2025-04-02 19:00:00+00:00,153.25,153.66,151.72,152.13,6146.0
2025-04-03 14:00:00+00:00,148.61,150.03,147.57,149.29,7582.0
2025-04-03 15:00:00+00:00,149.29,153.615,149.265,151.3,14392.0
2025-04-03 16:00:00+00:00,152.005,155.49,151.68,153.715,4144.0
2025-04-03 17:00:00+00:00,153.715,153.77,152.89,153.105,2653.0
2025-04-03 18:00:00+00:00,153.03,153.055,151.175,152.09,5647.0
2025-04-03 19:00:00+00:00,152.09,152.29,149.93,150.19,10078.0
2025-04-04 14:00:00+00:00,145.11,145.11,139.6,141.915,7035.0
2025-04-04 15:00:00+00:00,141.915,145.255,141.915,142.04,3008.0
2025-04-04 16:00:00+00:00,142.04,143.93,142.01,142.78,3218.0
2025-04-04 17:00:00+00:00,142.91,144.68,141.72,143.88,4309.0
2025-04-04 18:00:00+00:00,143.88,144.305,141.0,141.705,3878.0
2025-04-04 19:00:00+00:00,141.71,143.605,141.42,142.67,9559.0
2025-04-07 14:00:00+00:00,133.43,142.05,133.15,138.855,6524.0
2025-04-07 15:00:00+00:00,138.855,141.33,135.99,137.33,5881.0
2025-04-07 16:00:00+00:00,137.33,137.93,135.77,135.855,7629.0
2025-04-07 17:00:00+00:00,137.31,142.735,136.03,140.89,7808.0
2025-04-07 18:00:00+00:00,140.89,140.92,137.9,138.56,6934.0
2025-04-07 19:00:00+00:00,138.56,140.38,137.64,140.38,14948.0
2025-04-08 14:00:00+00:00,143.43,146.4,141.78,144.47,6052.0
2025-04-08 15:00:00+00:00,144.29,146.55,143.515,144.71,1762.0
2025-04-08 16:00:00+00:00,144.51,144.51,138.74,138.74,1358.0
2025-04-08 17:00:00+00:00,138.74,139.22,136.18,138.57,1257.0
2025-04-08 18:00:00+00:00,139.3,139.47,137.12,137.12,744.0
2025-04-08 19:00:00+00:00,137.42,137.76,134.36,137.15,9282.0
2025-04-09 14:00:00+00:00,128.99,129.55,124.42,124.42,3531.0
2025-04-09 15:00:00+00:00,124.42,127.36,124.42,126.935,2743.0
2025-04-09 16:00:00+00:00,126.935,127.79,125.59,127.765,2132.0
2025-04-09 17:00:00+00:00,127.765,153.49,127.765,141.88,6049.0
2025-04-09 18:00:00+00:00,142.24,147.415,139.595,140.06,13103.0
2025-04-09 19:00:00+00:00,139.07,141.36,137.83,138.455,10062.0
2025-04-10 14:00:00+00:00,137.105,137.105,132.815,132.93,5747.0
2025-04-10 15:00:00+00:00,132.845,134.33,132.52,133.635,12014.0
2025-04-10 16:00:00+00:00,133.645,136.4,132.99,136.39,6839.0
2025-04-10 17:00:00+00:00,136.39,142.795,135.45,142.795,4618.0
2025-04-10 18:00:00+00:00,142.795,146.57,141.87,144.46,8334.0
2025-04-10 19:00:00+00:00,144.3,145.55,141.95,143.325,8392.0
2025-04-11 14:00:00+00:00,147.675,147.675,143.86,145.115,2145.0
2025-04-11 15:00:00+00:00,145.62,145.66,143.36,145.66,1569.0
2025-04-11 16:00:00+00:00,145.66,149.35,145.66,149.35,1455.0
2025-04-11 17:00:00+00:00,149.265,150.93,149.26,149.97,1472.0
2025-04-11 18:00:00+00:00,149.58,150.97,149.4,150.97,3091.0
2025-04-11 19:00:00+00:00,151.0,152.96,150.27,150.67,15051.0
2025-04-14 14:00:00+00:00,152.29,154.54,151.55,154.02,2695.0
2025-04-14 15:00:00+00:00,154.44,154.825,152.915,153.71,4667.0
2025-04-14 16:00:00+00:00,153.71,156.31,153.015,155.07,3104.0
2025-04-14 17:00:00+00:00,155.91,157.58,154.76,157.58,756.0
2025-04-14 18:00:00+00:00,157.58,159.12,156.785,157.02,11757.0
2025-04-14 19:00:00+00:00,157.09,157.95,155.58,155.58,6070.0
2025-04-15 14:00:00+00:00,155.685,156.5,154.0,154.72,1267.0
2025-04-15 15:00:00+00:00,154.57,155.11,153.37,153.77,922.0
2025-04-15 16:00:00+00:00,153.895,154.28,153.12,153.97,488.0
2025-04-15 17:00:00+00:00,153.83,154.59,153.595,154.59,696.0
2025-04-15 18:00:00+00:00,154.59,155.13,154.23,154.94,292.0
2025-04-15 19:00:00+00:00,154.89,155.14,153.69,153.87,3619.0
2025-04-16 14:00:00+00:00,154.215,156.35,153.745,155.41,4510.0
2025-04-16 15:00:00+00:00,155.41,156.83,155.235,156.83,4593.0
2025-04-16 16:00:00+00:00,156.83,157.47,156.34,157.045,972.0
2025-04-16 17:00:00+00:00,157.0,158.08,155.07,155.44,2003.0
2025-04-16 18:00:00+00:00,155.44,156.99,155.07,156.075,3185.0
2025-04-16 19:00:00+00:00,156.075,158.28,155.48,158.06,8779.0
2025-04-17 14:00:00+00:00,161.065,161.32,157.255,157.41,1865.0
2025-04-17 15:00:00+00:00,157.41,160.99,157.41,159.625,2256.0
2025-04-17 16:00:00+00:00,159.625,162.08,158.995,160.98,2133.0
2025-04-17 17:00:00+00:00,160.98,162.82,160.445,162.02,4642.0
2025-04-17 18:00:00+00:00,162.02,164.08,161.55,163.01,10503.0
2025-04-17 19:00:00+00:00,162.88,165.32,162.21,165.32,26407.0
2025-04-18 14:00:00+00:00,165.32,165.32,165.32,165.32,0.0
2025-04-18 15:00:00+00:00,165.32,165.32,165.32,165.32,0.0
2025-04-18 16:00:00+00:00,165.32,165.32,165.32,165.32,0.0
2025-04-18 17:00:00+00:00,165.32,165.32,165.32,165.32,0.0
2025-04-18 18:00:00+00:00,165.32,165.32,165.32,165.32,0.0
2025-04-18 19:00:00+00:00,165.32,165.32,165.32,165.32,0.0
2025-04-21 14:00:00+00:00,163.78,164.26,162.47,163.35,3648.0
2025-04-21 15:00:00+00:00,163.35,163.35,161.75,162.48,1998.0
2025-04-21 16:00:00+00:00,162.17,162.17,159.69,160.15,3336.0
2025-04-21 17:00:00+00:00,160.11,160.44,156.57,156.665,5414.0
2025-04-21 18:00:00+00:00,156.475,159.37,156.475,158.75,9863.0
2025-04-21 19:00:00+00:00,158.75,161.41,158.75,160.875,12178.0
2025-04-22 14:00:00+00:00,160.485,160.485,153.25,154.86,16613.0
2025-04-22 15:00:00+00:00,154.59,156.875,154.29,156.875,14078.0
2025-04-22 16:00:00+00:00,157.46,158.49,156.26,158.49,9717.0
2025-04-22 17:00:00+00:00,158.49,159.78,157.27,157.78,6174.0
2025-04-22 18:00:00+00:00,157.78,159.28,157.1,157.84,13700.0
2025-04-22 19:00:00+00:00,157.77,159.93,157.24,159.13,17702.0
2025-04-23 14:00:00+00:00,160.55,161.765,159.5,159.62,5142.0
2025-04-23 15:00:00+00:00,159.62,160.32,157.88,157.88,2230.0
2025-04-23 16:00:00+00:00,157.88,158.93,157.15,158.56,4698.0
2025-04-23 17:00:00+00:00,158.56,158.56,156.17,156.64,1456.0
2025-04-23 18:00:00+00:00,156.65,158.45,156.565,158.36,2442.0
2025-04-23 19:00:00+00:00,158.36,158.82,157.2,158.165,9657.0
2025-04-24 14:00:00+00:00,157.595,158.75,156.4,157.5,5465.0
2025-04-24 15:00:00+00:00,157.35,158.665,157.315,157.96,2282.0
2025-04-24 16:00:00+00:00,158.13,158.13,156.96,157.68,2840.0
2025-04-24 17:00:00+00:00,157.63,157.63,156.06,156.075,1611.0
2025-04-24 18:00:00+00:00,156.075,158.03,156.075,157.36,3141.0
2025-04-24 19:00:00+00:00,157.32,161.0,157.12,160.73,10297.0
2025-04-25 14:00:00+00:00,162.82,167.68,162.205,162.72,11910.0
2025-04-25 15:00:00+00:00,162.72,164.91,162.72,164.13,2198.0
2025-04-25 16:00:00+00:00,164.13,164.77,162.13,162.86,5301.0
2025-04-25 17:00:00+00:00,162.98,164.265,161.8,162.43,4919.0
2025-04-25 18:00:00+00:00,162.29,164.255,162.29,163.29,6292.0
2025-04-25 19:00:00+00:00,163.37,164.5,163.115,164.12,14153.0
2025-04-28 14:00:00+00:00,164.18,164.5,162.11,164.46,3714.0
2025-04-28 15:00:00+00:00,164.46,166.13,163.74,163.93,3005.0
2025-04-28 16:00:00+00:00,163.93,164.06,162.94,163.3,3372.0
2025-04-28 17:00:00+00:00,163.3,167.43,163.3,166.47,6544.0
2025-04-28 18:00:00+00:00,166.47,166.47,164.37,164.69,2149.0
2025-04-28 19:00:00+00:00,164.69,165.24,164.13,164.985,8942.0
2025-04-29 14:00:00+00:00,166.11,167.54,165.38,167.505,1594.0
2025-04-29 15:00:00+00:00,167.505,168.97,166.63,167.46,3263.0
2025-04-29 16:00:00+00:00,167.07,167.33,166.17,166.655,3536.0
2025-04-29 17:00:00+00:00,166.655,167.28,166.56,166.64,2407.0
2025-04-29 18:00:00+00:00,166.64,167.94,166.64,167.48,2647.0
2025-04-29 19:00:00+00:00,167.48,167.77,166.41,166.84,9601.0
2025-04-30 14:00:00+00:00,166.995,166.995,165.16,166.005,2953.0
2025-04-30 15:00:00+00:00,166.005,168.085,166.005,168.085,2939.0
2025-04-30 16:00:00+00:00,167.975,168.08,166.4,166.995,1033.0
2025-04-30 17:00:00+00:00,166.995,169.75,166.995,168.465,3107.0
2025-04-30 18:00:00+00:00,168.39,169.65,167.39,169.23,3311.0
2025-04-30 19:00:00+00:00,169.62,171.27,169.24,170.79,17564.0
2025-05-01 14:00:00+00:00,170.46,172.065,166.3,170.61,9260.0
2025-05-01 15:00:00+00:00,170.415,170.75,167.05,167.9,6046.0
2025-05-01 16:00:00+00:00,167.9,168.1,164.43,166.3,4025.0
2025-05-01 17:00:00+00:00,166.3,167.805,165.87,167.07,19122.0
2025-05-01 18:00:00+00:00,167.07,168.53,166.25,166.53,19775.0
2025-05-01 19:00:00+00:00,166.37,169.51,166.12,166.79,28618.0
2025-05-02 14:00:00+00:00,176.665,177.72,172.01,174.21,12506.0
2025-05-02 15:00:00+00:00,174.21,174.25,170.07,172.285,11801.0
2025-05-02 16:00:00+00:00,172.97,173.6,170.135,172.92,12844.0
2025-05-02 17:00:00+00:00,172.495,172.75,168.95,169.66,7976.0
2025-05-02 18:00:00+00:00,169.77,170.99,167.79,170.54,5593.0
2025-05-02 19:00:00+00:00,170.6,173.59,169.54,171.86,21259.0
2025-05-05 14:00:00+00:00,171.435,174.6,169.85,173.96,5515.0
2025-05-05 15:00:00+00:00,173.96,174.42,170.84,171.0,5409.0
2025-05-05 16:00:00+00:00,171.0,171.68,170.415,170.82,2509.0
2025-05-05 17:00:00+00:00,170.82,172.7,170.82,172.7,1685.0
2025-05-05 18:00:00+00:00,172.7,173.04,171.615,172.735,2306.0
2025-05-05 19:00:00+00:00,172.735,173.365,170.49,170.93,12672.0
2025-05-06 14:00:00+00:00,170.64,170.89,164.695,164.96,7049.0
2025-05-06 15:00:00+00:00,165.0,166.03,164.15,164.28,6113.0
2025-05-06 16:00:00+00:00,164.42,165.41,163.14,163.48,2241.0
2025-05-06 17:00:00+00:00,163.15,164.415,161.83,164.1,7318.0
2025-05-06 18:00:00+00:00,164.02,166.13,163.85,165.92,9255.0
2025-05-06 19:00:00+00:00,165.75,165.75,161.94,162.955,8316.0
2025-05-07 14:00:00+00:00,160.67,162.1,160.54,161.075,8385.0
2025-05-07 15:00:00+00:00,161.17,163.36,161.0,163.36,9529.0
2025-05-07 16:00:00+00:00,163.36,164.81,162.64,163.0,5342.0
2025-05-07 17:00:00+00:00,163.0,163.275,162.01,162.5,1739.0
2025-05-07 18:00:00+00:00,162.965,163.39,161.91,162.65,2563.0
2025-05-07 19:00:00+00:00,162.65,162.65,160.75,161.17,5489.0
2025-05-08 14:00:00+00:00,159.455,159.65,156.18,156.53,13442.0
2025-05-08 15:00:00+00:00,156.17,160.45,156.17,159.71,21251.0
2025-05-08 16:00:00+00:00,159.57,160.78,159.36,159.5,7508.0
2025-05-08 17:00:00+00:00,159.565,159.665,158.45,158.67,3017.0
2025-05-08 18:00:00+00:00,158.66,159.55,158.66,158.8,1938.0
2025-05-08 19:00:00+00:00,158.75,160.68,158.19,159.6,18059.0
2025-05-09 14:00:00+00:00,158.78,158.78,156.95,156.99,1843.0
2025-05-09 15:00:00+00:00,156.98,157.535,156.03,156.88,2360.0
2025-05-09 16:00:00+00:00,156.88,157.0,155.68,155.68,453.0
2025-05-09 17:00:00+00:00,155.38,155.38,154.39,154.535,1078.0
2025-05-09 18:00:00+00:00,154.535,155.05,153.33,154.605,2562.0
2025-05-09 19:00:00+00:00,154.605,155.25,151.275,151.6,10193.0
2025-05-12 14:00:00+00:00,153.825,155.87,153.825,154.71,1365.0
2025-05-12 15:00:00+00:00,154.71,155.61,154.61,155.24,1103.0
2025-05-12 16:00:00+00:00,155.24,157.76,154.98,157.71,2069.0
2025-05-12 17:00:00+00:00,157.71,158.17,156.86,156.86,1923.0
2025-05-12 18:00:00+00:00,156.76,156.76,156.0,156.1,1339.0
2025-05-12 19:00:00+00:00,156.19,156.22,154.52,154.75,8873.0
2025-05-13 14:00:00+00:00,157.14,158.7,157.01,157.645,5665.0
2025-05-13 15:00:00+00:00,157.68,157.94,156.98,157.25,3037.0
2025-05-13 16:00:00+00:00,157.25,158.79,157.21,158.14,2430.0
2025-05-13 17:00:00+00:00,158.28,159.42,158.28,159.37,4930.0
2025-05-13 18:00:00+00:00,159.35,160.33,159.245,159.93,4562.0
2025-05-13 19:00:00+00:00,159.93,162.225,159.75,160.96,12096.0
2025-05-14 14:00:00+00:00,158.6,159.77,158.14,159.325,1987.0
2025-05-14 15:00:00+00:00,159.325,159.325,157.02,157.32,1252.0
2025-05-14 16:00:00+00:00,157.22,158.39,156.28,158.39,1909.0
2025-05-14 17:00:00+00:00,158.39,159.2,157.48,158.77,2569.0
2025-05-14 18:00:00+00:00,158.77,158.84,157.07,157.07,3030.0
2025-05-14 19:00:00+00:00,157.07,157.88,156.47,157.25,4735.0
2025-05-15 14:00:00+00:00,156.2,156.54,154.47,154.85,3423.0
2025-05-15 15:00:00+00:00,154.85,156.27,154.85,156.27,5221.0
2025-05-15 16:00:00+00:00,156.265,156.31,155.33,156.31,1695.0
2025-05-15 17:00:00+00:00,156.31,157.48,156.31,157.48,3426.0
2025-05-15 18:00:00+00:00,157.48,157.65,156.58,156.58,2367.0
2025-05-15 19:00:00+00:00,156.595,158.48,156.105,157.645,3849.0
2025-05-16 14:00:00+00:00,159.53,160.36,158.9,158.91,3686.0
2025-05-16 15:00:00+00:00,158.99,159.22,157.445,158.69,4105.0
2025-05-16 16:00:00+00:00,158.95,159.55,158.1,158.305,2688.0
2025-05-16 17:00:00+00:00,158.305,159.31,158.03,159.0,5746.0
2025-05-16 18:00:00+00:00,159.0,159.12,156.93,157.645,3253.0
2025-05-16 19:00:00+00:00,157.16,158.405,156.86,157.645,9120.0
2025-05-19 14:00:00+00:00,159.22,159.22,157.44,157.67,434.0
2025-05-19 15:00:00+00:00,157.67,158.48,157.42,158.21,1658.0
2025-05-19 16:00:00+00:00,158.18,158.68,157.82,158.05,1621.0
2025-05-19 17:00:00+00:00,158.05,158.42,158.05,158.09,356.0
2025-05-19 18:00:00+00:00,158.09,159.12,158.09,158.3,1209.0
2025-05-19 19:00:00+00:00,158.3,160.235,158.1,160.235,4439.0
2025-05-20 14:00:00+00:00,159.96,160.12,158.3,158.85,2226.0
2025-05-20 15:00:00+00:00,158.82,159.795,158.39,159.22,2136.0
2025-05-20 16:00:00+00:00,159.22,159.57,158.73,158.97,1206.0
2025-05-20 17:00:00+00:00,158.97,160.66,158.97,160.475,1002.0
2025-05-20 18:00:00+00:00,160.82,161.7,160.75,161.06,2584.0
2025-05-20 19:00:00+00:00,161.21,162.2,160.975,161.3,6620.0
2025-05-21 14:00:00+00:00,161.04,161.09,159.92,160.05,376.0
2025-05-21 15:00:00+00:00,160.45,160.565,159.935,160.37,365.0
2025-05-21 16:00:00+00:00,160.37,160.52,159.84,159.99,1836.0
2025-05-21 17:00:00+00:00,159.99,160.03,157.36,157.49,1161.0
2025-05-21 18:00:00+00:00,157.49,158.17,156.9,157.21,911.0
2025-05-21 19:00:00+00:00,157.21,159.22,157.21,158.34,3316.0
2025-05-22 14:00:00+00:00,159.195,160.54,159.035,159.335,3798.0
2025-05-22 15:00:00+00:00,159.335,160.9,159.335,160.9,3117.0
2025-05-22 16:00:00+00:00,160.9,161.685,159.61,159.8,2457.0
2025-05-22 17:00:00+00:00,159.8,160.88,159.515,160.69,814.0
2025-05-22 18:00:00+00:00,160.685,161.44,160.35,160.73,3638.0
2025-05-22 19:00:00+00:00,160.74,161.1,159.78,159.925,8825.0
2025-05-23 14:00:00+00:00,158.85,159.32,158.65,158.66,218.0
2025-05-23 15:00:00+00:00,158.66,160.36,158.66,160.36,59.0
2025-05-23 16:00:00+00:00,160.36,160.36,159.74,159.97,191.0
2025-05-23 17:00:00+00:00,159.97,160.58,159.97,160.05,392.0
2025-05-23 18:00:00+00:00,160.05,160.63,160.0,160.14,1358.0
2025-05-23 19:00:00+00:00,160.14,161.83,160.03,161.83,5635.0
2025-05-26 14:00:00+00:00,161.83,161.83,161.83,161.83,0.0
2025-05-26 15:00:00+00:00,161.83,161.83,161.83,161.83,0.0
2025-05-26 16:00:00+00:00,161.83,161.83,161.83,161.83,0.0
2025-05-26 17:00:00+00:00,161.83,161.83,161.83,161.83,0.0
2025-05-26 18:00:00+00:00,161.83,161.83,161.83,161.83,0.0
2025-05-26 19:00:00+00:00,161.83,161.83,161.83,161.83,0.0
2025-05-27 14:00:00+00:00,162.44,163.3,161.8,162.34,4161.0
2025-05-27 15:00:00+00:00,162.34,162.82,160.67,161.44,3631.0
2025-05-27 16:00:00+00:00,161.44,162.54,161.41,161.88,1013.0
2025-05-27 17:00:00+00:00,161.88,162.06,158.45,159.3,3708.0
2025-05-27 18:00:00+00:00,159.3,159.3,157.03,157.72,2058.0
2025-05-27 19:00:00+00:00,157.7,158.87,156.93,157.23,8902.0
2025-05-28 14:00:00+00:00,158.08,159.04,157.53,157.53,2008.0
2025-05-28 15:00:00+00:00,157.53,157.91,156.95,156.95,774.0
2025-05-28 16:00:00+00:00,156.95,158.495,156.81,158.21,2508.0
2025-05-28 17:00:00+00:00,158.21,160.12,158.21,159.275,3157.0
2025-05-28 18:00:00+00:00,159.27,159.4,158.53,158.75,2720.0
2025-05-28 19:00:00+00:00,158.84,159.56,158.23,159.21,7111.0
2025-05-29 14:00:00+00:00,160.16,161.1,159.59,160.295,2488.0
2025-05-29 15:00:00+00:00,160.29,161.37,160.13,161.31,2432.0
2025-05-29 16:00:00+00:00,161.335,163.33,161.1,163.2,2532.0
2025-05-29 17:00:00+00:00,163.28,164.54,163.245,163.61,3271.0
2025-05-29 18:00:00+00:00,163.84,163.86,162.95,163.22,4411.0
2025-05-29 19:00:00+00:00,163.22,163.855,162.965,163.62,6720.0
2025-05-30 14:00:00+00:00,163.9,164.66,162.72,164.44,1188.0
2025-05-30 15:00:00+00:00,164.44,165.39,164.16,165.19,2771.0
2025-05-30 16:00:00+00:00,165.02,165.15,162.86,163.5,1819.0
2025-05-30 17:00:00+00:00,163.5,164.0,162.93,163.28,1485.0
2025-05-30 18:00:00+00:00,163.28,164.09,163.25,163.55,3885.0
2025-05-30 19:00:00+00:00,163.55,164.25,162.79,162.805,4676.0
2025-06-02 14:00:00+00:00,170.06,174.94,167.67,173.81,9967.0
2025-06-02 15:00:00+00:00,173.92,174.34,172.58,173.61,7510.0
2025-06-02 16:00:00+00:00,173.61,177.89,173.515,176.11,12123.0
2025-06-02 17:00:00+00:00,176.155,177.58,174.71,176.53,13195.0
2025-06-02 18:00:00+00:00,176.53,177.26,175.9,175.93,7647.0
2025-06-02 19:00:00+00:00,175.88,176.98,175.0,175.69,17133.0
2025-06-03 14:00:00+00:00,177.755,179.04,175.9,178.81,9613.0
2025-06-03 15:00:00+00:00,178.81,178.81,176.0,177.415,4349.0
2025-06-03 16:00:00+00:00,177.415,179.13,176.79,178.99,5173.0
2025-06-03 17:00:00+00:00,178.99,179.27,177.885,178.49,2748.0
2025-06-03 18:00:00+00:00,178.01,178.01,176.2,176.75,2942.0
2025-06-03 19:00:00+00:00,176.89,176.89,174.46,174.805,13795.0
2025-06-04 14:00:00+00:00,174.98,177.66,173.775,175.8,2917.0
2025-06-04 15:00:00+00:00,175.205,175.32,174.59,175.1,1328.0
2025-06-04 16:00:00+00:00,175.0,175.09,174.45,174.75,2247.0
2025-06-04 17:00:00+00:00,174.75,176.26,174.65,176.26,1197.0
2025-06-04 18:00:00+00:00,176.26,176.26,175.2,175.67,1519.0
2025-06-04 19:00:00+00:00,175.67,176.44,173.71,173.77,6246.0
2025-06-05 14:00:00+00:00,172.89,174.12,172.61,173.88,1279.0
2025-06-05 15:00:00+00:00,173.97,174.76,173.96,174.76,1440.0
2025-06-05 16:00:00+00:00,174.76,175.7,174.59,175.45,2856.0
2025-06-05 17:00:00+00:00,175.45,176.61,175.45,176.46,787.0
2025-06-05 18:00:00+00:00,176.46,176.46,174.98,175.85,1437.0
2025-06-05 19:00:00+00:00,175.92,177.58,175.595,177.395,3139.0
2025-06-06 14:00:00+00:00,177.27,177.57,175.81,176.515,1273.0
2025-06-06 15:00:00+00:00,176.36,176.36,173.2,173.975,4525.0
2025-06-06 16:00:00+00:00,173.975,174.17,172.655,172.655,2851.0
2025-06-06 17:00:00+00:00,172.655,174.0,172.615,173.36,2470.0
2025-06-06 18:00:00+00:00,173.36,173.36,172.53,172.78,6788.0
2025-06-06 19:00:00+00:00,172.605,173.59,171.965,173.04,9589.0
2025-06-09 14:00:00+00:00,173.33,174.58,172.2,172.23,1067.0
2025-06-09 15:00:00+00:00,172.53,174.5,172.36,174.255,1723.0
2025-06-09 16:00:00+00:00,174.255,174.255,171.94,172.56,1125.0
2025-06-09 17:00:00+00:00,172.56,173.545,172.41,172.41,892.0
2025-06-09 18:00:00+00:00,172.41,175.34,172.02,174.81,7363.0
2025-06-09 19:00:00+00:00,174.8,174.8,173.19,173.19,3308.0
2025-06-10 14:00:00+00:00,175.3,175.35,172.25,172.25,1427.0
2025-06-10 15:00:00+00:00,172.25,172.375,170.96,170.99,1431.0
2025-06-10 16:00:00+00:00,170.95,172.095,170.29,172.05,2728.0
2025-06-10 17:00:00+00:00,172.14,175.31,172.05,174.71,4520.0
2025-06-10 18:00:00+00:00,174.64,174.64,173.765,174.24,2054.0
2025-06-10 19:00:00+00:00,174.28,174.67,171.71,172.44,7087.0
2025-06-11 14:00:00+00:00,171.74,172.935,171.09,172.5,1049.0
2025-06-11 15:00:00+00:00,173.16,173.905,172.815,172.815,1032.0
2025-06-11 16:00:00+00:00,172.815,172.965,171.935,172.965,818.0
2025-06-11 17:00:00+00:00,173.08,173.66,172.88,173.02,1566.0
2025-06-11 18:00:00+00:00,172.995,172.995,171.66,172.47,2732.0
2025-06-11 19:00:00+00:00,172.47,172.74,171.27,171.62,4990.0
2025-06-12 14:00:00+00:00,170.25,173.98,170.25,172.91,1894.0
2025-06-12 15:00:00+00:00,172.91,173.0,171.465,171.47,1214.0
2025-06-12 16:00:00+00:00,171.32,172.97,171.25,172.86,2612.0
2025-06-12 17:00:00+00:00,172.09,172.94,171.835,172.45,1140.0
2025-06-12 18:00:00+00:00,172.45,173.52,171.965,173.3,2158.0
2025-06-12 19:00:00+00:00,173.3,173.58,170.88,171.05,8810.0
2025-06-13 14:00:00+00:00,170.97,172.49,170.63,172.1,1308.0
2025-06-13 15:00:00+00:00,172.01,173.33,171.98,172.59,1499.0
2025-06-13 16:00:00+00:00,172.59,173.535,172.58,173.3,1007.0
2025-06-13 17:00:00+00:00,173.04,173.045,171.805,171.885,4236.0
2025-06-13 18:00:00+00:00,171.885,171.98,170.23,171.13,2458.0
2025-06-13 19:00:00+00:00,170.94,171.51,170.55,170.73,4140.0
2025-06-16 14:00:00+00:00,173.535,173.775,172.915,173.0,1016.0
2025-06-16 15:00:00+00:00,173.0,174.4,172.8,174.34,2774.0
2025-06-16 16:00:00+00:00,174.34,174.51,173.88,174.51,1798.0
2025-06-16 17:00:00+00:00,174.51,175.25,173.74,174.89,1871.0
2025-06-16 18:00:00+00:00,174.89,176.24,174.885,176.24,3849.0
2025-06-16 19:00:00+00:00,176.24,178.17,176.115,177.81,6252.0
2025-06-17 14:00:00+00:00,177.51,177.78,176.78,177.55,1688.0
2025-06-17 15:00:00+00:00,177.55,178.64,177.42,178.02,2958.0
2025-06-17 16:00:00+00:00,178.07,178.62,177.745,177.745,321.0
2025-06-17 17:00:00+00:00,177.745,177.78,174.97,175.43,1389.0
2025-06-17 18:00:00+00:00,175.345,175.62,172.6,172.87,2623.0
2025-06-17 19:00:00+00:00,172.98,174.16,172.53,172.905,14476.0
2025-06-18 14:00:00+00:00,175.0,175.0,173.9,174.225,2061.0
2025-06-18 15:00:00+00:00,174.21,174.97,173.495,174.02,3265.0
2025-06-18 16:00:00+00:00,173.95,174.44,172.29,172.29,1154.0
2025-06-18 17:00:00+00:00,172.29,172.53,170.77,171.785,1598.0
2025-06-18 18:00:00+00:00,171.875,172.345,171.175,171.18,2700.0
2025-06-18 19:00:00+00:00,171.2,171.86,170.74,170.825,2958.0
2025-06-19 14:00:00+00:00,170.825,170.825,170.825,170.825,0.0
2025-06-19 15:00:00+00:00,170.825,170.825,170.825,170.825,0.0
2025-06-19 16:00:00+00:00,170.825,170.825,170.825,170.825,0.0
2025-06-19 17:00:00+00:00,170.825,170.825,170.825,170.825,0.0
2025-06-19 18:00:00+00:00,170.825,170.825,170.825,170.825,0.0
2025-06-19 19:00:00+00:00,170.825,170.825,170.825,170.825,0.0
2025-06-20 14:00:00+00:00,170.7,172.575,170.7,171.655,3289.0
2025-06-20 15:00:00+00:00,171.89,172.79,171.89,172.52,1314.0
2025-06-20 16:00:00+00:00,172.52,174.08,172.25,174.08,1038.0
2025-06-20 17:00:00+00:00,174.08,174.52,173.51,174.06,2106.0
2025-06-20 18:00:00+00:00,174.06,175.94,173.98,175.695,1893.0
2025-06-20 19:00:00+00:00,175.9,177.16,175.56,176.57,7586.0
2025-06-23 14:00:00+00:00,176.0,176.0,174.53,175.49,3000.0
2025-06-23 15:00:00+00:00,175.7,176.98,175.7,176.82,2345.0
2025-06-23 16:00:00+00:00,176.71,177.06,175.77,175.77,1928.0
2025-06-23 17:00:00+00:00,175.73,178.09,175.73,177.49,2293.0
2025-06-23 18:00:00+00:00,177.49,178.23,176.79,176.85,1002.0
2025-06-23 19:00:00+00:00,177.05,177.05,175.495,175.73,6461.0
2025-06-24 14:00:00+00:00,176.36,178.99,175.74,178.725,4821.0
2025-06-24 15:00:00+00:00,179.0,180.56,178.98,180.075,4022.0
2025-06-24 16:00:00+00:00,180.115,180.195,176.75,178.055,1638.0
2025-06-24 17:00:00+00:00,178.02,178.35,177.7,178.1,3784.0
2025-06-24 18:00:00+00:00,178.045,179.59,178.045,179.24,3561.0
2025-06-24 19:00:00+00:00,179.24,179.87,178.79,179.34,4308.0
2025-06-25 14:00:00+00:00,173.79,173.79,169.67,170.01,4148.0
2025-06-25 15:00:00+00:00,170.01,171.17,166.9,168.555,7946.0
2025-06-25 16:00:00+00:00,168.555,173.29,168.555,172.615,4275.0
2025-06-25 17:00:00+00:00,172.615,173.59,172.4,173.59,1268.0
2025-06-25 18:00:00+00:00,173.5,173.87,172.86,173.38,1697.0
2025-06-25 19:00:00+00:00,173.38,173.635,171.22,173.05,8493.0
2025-06-26 14:00:00+00:00,173.34,174.385,172.77,174.15,1739.0
2025-06-26 15:00:00+00:00,174.15,174.23,172.51,172.66,962.0
2025-06-26 16:00:00+00:00,172.66,173.56,172.305,173.415,371.0
2025-06-26 17:00:00+00:00,173.415,175.365,173.415,173.68,1319.0
2025-06-26 18:00:00+00:00,173.67,173.67,172.91,172.91,1804.0
2025-06-26 19:00:00+00:00,172.86,173.69,172.395,173.11,6948.0
2025-06-27 14:00:00+00:00,172.825,174.35,172.78,173.97,1867.0
2025-06-27 15:00:00+00:00,173.985,174.65,172.97,174.495,1757.0
2025-06-27 16:00:00+00:00,174.69,174.73,173.93,173.93,1500.0
2025-06-27 17:00:00+00:00,173.93,174.01,172.85,173.185,1090.0
2025-06-27 18:00:00+00:00,173.185,173.365,171.77,171.77,1550.0
2025-06-27 19:00:00+00:00,171.77,172.51,170.82,171.99,2521.0
2025-06-30 14:00:00+00:00,172.675,173.23,171.785,171.785,851.0
2025-06-30 15:00:00+00:00,171.78,172.76,171.165,171.165,5092.0
2025-06-30 16:00:00+00:00,171.165,171.36,169.33,170.68,1653.0
2025-06-30 17:00:00+00:00,170.68,171.23,170.17,171.055,3231.0
2025-06-30 18:00:00+00:00,171.055,171.42,171.055,171.385,1912.0
2025-06-30 19:00:00+00:00,171.43,172.8,170.89,172.76,7445.0
2025-07-01 14:00:00+00:00,168.965,170.5,167.92,170.23,7562.0
2025-07-01 15:00:00+00:00,170.155,170.65,168.93,169.31,14914.0
2025-07-01 16:00:00+00:00,169.31,171.84,169.22,171.84,3531.0
2025-07-01 17:00:00+00:00,171.84,173.09,171.265,171.53,4938.0
2025-07-01 18:00:00+00:00,171.53,171.69,170.685,171.13,2888.0
2025-07-01 19:00:00+00:00,171.1,173.7,170.94,171.835,18748.0
2025-07-02 14:00:00+00:00,173.125,174.335,172.0,172.41,4873.0
2025-07-02 15:00:00+00:00,172.41,173.33,171.83,172.095,2923.0
2025-07-02 16:00:00+00:00,172.095,172.35,171.1,172.245,1365.0
2025-07-02 17:00:00+00:00,172.3,172.77,171.82,172.57,6221.0
2025-07-02 18:00:00+00:00,172.66,172.95,172.46,172.73,5715.0
2025-07-02 19:00:00+00:00,172.73,173.7,171.86,173.16,12985.0
2025-07-03 14:00:00+00:00,173.495,174.08,170.58,170.58,1628.0
2025-07-03 15:00:00+00:00,170.775,171.95,170.645,171.25,1973.0
2025-07-03 16:00:00+00:00,171.25,173.94,171.25,173.94,10941.0
2025-07-03 17:00:00+00:00,173.94,173.94,173.94,173.94,0.0
2025-07-03 18:00:00+00:00,173.94,173.94,173.94,173.94,0.0
2025-07-03 19:00:00+00:00,173.94,173.94,173.94,173.94,0.0
2025-07-04 14:00:00+00:00,173.94,173.94,173.94,173.94,0.0
2025-07-04 15:00:00+00:00,173.94,173.94,173.94,173.94,0.0
2025-07-04 16:00:00+00:00,173.94,173.94,173.94,173.94,0.0
2025-07-04 17:00:00+00:00,173.94,173.94,173.94,173.94,0.0
2025-07-04 18:00:00+00:00,173.94,173.94,173.94,173.94,0.0
2025-07-04 19:00:00+00:00,173.94,173.94,173.94,173.94,0.0
2025-07-07 14:00:00+00:00,171.805,172.225,170.7,172.225,15485.0
2025-07-07 15:00:00+00:00,172.28,173.2,172.28,173.08,1836.0
2025-07-07 16:00:00+00:00,173.335,174.015,172.555,172.99,2128.0
2025-07-07 17:00:00+00:00,172.99,173.12,172.595,172.98,3732.0
2025-07-07 18:00:00+00:00,172.98,174.3,172.59,174.28,5090.0
2025-07-07 19:00:00+00:00,174.205,175.86,173.54,175.74,3939.0
2025-07-08 14:00:00+00:00,177.07,177.38,173.075,173.22,3675.0
2025-07-08 15:00:00+00:00,173.22,173.615,171.825,172.615,6597.0
2025-07-08 16:00:00+00:00,172.615,173.51,170.65,170.65,2585.0
2025-07-08 17:00:00+00:00,170.65,171.4,169.735,170.1,3113.0
2025-07-08 18:00:00+00:00,170.1,171.425,169.585,171.425,3139.0
2025-07-08 19:00:00+00:00,171.13,171.52,168.36,168.37,4668.0
2025-07-09 14:00:00+00:00,175.04,177.62,175.0,176.62,7636.0
2025-07-09 15:00:00+00:00,176.64,177.18,175.0,175.89,4336.0
2025-07-09 16:00:00+00:00,175.905,177.81,175.44,177.01,2469.0
2025-07-09 17:00:00+00:00,177.01,179.73,176.485,178.61,1584.0
2025-07-09 18:00:00+00:00,178.61,179.42,176.59,177.095,2790.0
2025-07-09 19:00:00+00:00,177.095,178.54,175.49,175.7,5205.0
2025-07-10 14:00:00+00:00,174.86,175.255,174.14,174.995,2392.0
2025-07-10 15:00:00+00:00,174.995,176.33,174.83,176.075,1545.0
2025-07-10 16:00:00+00:00,176.075,177.8,175.835,176.53,6242.0
2025-07-10 17:00:00+00:00,176.5,177.4,176.145,176.635,2634.0
2025-07-10 18:00:00+00:00,176.635,176.635,175.97,176.23,879.0
2025-07-10 19:00:00+00:00,176.22,176.58,175.7,176.27,2976.0
2025-07-11 14:00:00+00:00,176.36,176.36,174.725,175.14,5369.0
2025-07-11 15:00:00+00:00,175.14,175.82,174.875,175.39,4645.0
2025-07-11 16:00:00+00:00,175.34,175.355,174.24,174.55,3361.0
2025-07-11 17:00:00+00:00,174.55,177.13,174.54,176.09,3940.0
2025-07-11 18:00:00+00:00,176.18,176.405,174.7,174.77,3726.0
2025-07-11 19:00:00+00:00,174.77,175.48,174.44,174.81,4734.0
2025-07-14 14:00:00+00:00,176.485,179.05,176.09,177.43,5371.0
2025-07-14 15:00:00+00:00,177.43,179.49,177.43,177.5,2859.0
2025-07-14 16:00:00+00:00,177.5,177.855,176.37,176.59,2187.0
2025-07-14 17:00:00+00:00,176.83,176.86,174.21,174.21,1807.0
2025-07-14 18:00:00+00:00,174.21,175.2,173.935,174.11,3311.0
2025-07-14 19:00:00+00:00,174.4,175.76,174.4,174.735,1403.0
2025-07-15 14:00:00+00:00,174.26,174.26,171.62,172.55,3810.0
2025-07-15 15:00:00+00:00,172.55,173.06,171.825,172.77,3375.0
2025-07-15 16:00:00+00:00,172.77,172.98,171.72,172.62,1857.0
2025-07-15 17:00:00+00:00,172.51,175.25,172.51,174.475,2318.0
2025-07-15 18:00:00+00:00,174.475,174.89,173.24,173.26,3240.0
2025-07-15 19:00:00+00:00,173.29,174.86,173.28,174.66,3061.0
2025-07-16 14:00:00+00:00,174.22,174.4,172.28,172.82,2875.0
2025-07-16 15:00:00+00:00,172.82,174.04,171.09,174.04,7499.0
2025-07-16 16:00:00+00:00,174.04,175.16,173.735,174.885,3976.0
2025-07-16 17:00:00+00:00,174.885,175.1,174.36,174.71,2335.0
2025-07-16 18:00:00+00:00,174.71,175.19,174.04,174.305,2152.0
2025-07-16 19:00:00+00:00,174.31,175.82,174.03,175.52,8902.0
2025-07-17 14:00:00+00:00,175.0,175.91,175.0,175.69,925.0
2025-07-17 15:00:00+00:00,175.69,176.26,174.86,175.92,3037.0
2025-07-17 16:00:00+00:00,176.035,176.07,174.965,175.125,5480.0
2025-07-17 17:00:00+00:00,175.41,175.99,175.16,175.88,4804.0
2025-07-17 18:00:00+00:00,175.9,176.83,175.77,176.6,6918.0
2025-07-17 19:00:00+00:00,176.52,177.85,176.31,177.055,17376.0
2025-07-18 14:00:00+00:00,177.005,177.55,176.555,176.57,5772.0
2025-07-18 15:00:00+00:00,176.57,177.07,176.56,176.79,3286.0
2025-07-18 16:00:00+00:00,176.8,177.37,175.45,175.46,20390.0
2025-07-18 17:00:00+00:00,175.47,175.47,174.1,174.43,3455.0
2025-07-18 18:00:00+00:00,174.55,174.65,172.22,172.22,4913.0
2025-07-18 19:00:00+00:00,172.22,172.46,169.73,170.05,8661.0
2025-07-21 14:00:00+00:00,169.755,170.645,168.97,169.69,1903.0
2025-07-21 15:00:00+00:00,169.69,170.48,169.69,170.11,3000.0
2025-07-21 16:00:00+00:00,170.11,171.38,169.53,169.59,3471.0
2025-07-21 17:00:00+00:00,169.59,169.775,168.29,169.775,2113.0
2025-07-21 18:00:00+00:00,169.775,170.05,168.93,169.05,3420.0
2025-07-21 19:00:00+00:00,169.05,169.935,167.89,168.22,3068.0
2025-07-22 14:00:00+00:00,167.91,169.01,167.32,168.15,1607.0
2025-07-22 15:00:00+00:00,168.15,168.23,165.71,166.655,4890.0
2025-07-22 16:00:00+00:00,166.67,166.84,165.66,165.84,3790.0
2025-07-22 17:00:00+00:00,165.83,167.82,165.82,166.78,1906.0
2025-07-22 18:00:00+00:00,166.78,166.9,166.44,166.46,2000.0
2025-07-22 19:00:00+00:00,166.47,166.63,165.385,165.59,4158.0
2025-07-23 14:00:00+00:00,168.41,169.11,167.72,167.725,2322.0
2025-07-23 15:00:00+00:00,167.535,167.57,166.82,166.93,2410.0
2025-07-23 16:00:00+00:00,166.93,168.95,166.93,167.35,3635.0
2025-07-23 17:00:00+00:00,167.35,167.68,166.32,166.325,2346.0
2025-07-23 18:00:00+00:00,166.325,169.27,166.325,168.97,3049.0
2025-07-23 19:00:00+00:00,168.62,171.21,168.18,169.64,10372.0
2025-07-24 14:00:00+00:00,169.83,171.11,169.51,170.01,2558.0
2025-07-24 15:00:00+00:00,170.01,170.01,168.15,168.15,1871.0
2025-07-24 16:00:00+00:00,168.15,169.43,167.885,169.32,4906.0
2025-07-24 17:00:00+00:00,169.32,169.33,168.205,169.165,2926.0
2025-07-24 18:00:00+00:00,169.165,169.165,167.7,168.245,1429.0
2025-07-24 19:00:00+00:00,168.115,168.91,167.34,168.48,7948.0
2025-07-25 14:00:00+00:00,173.785,175.58,168.055,168.055,9252.0
2025-07-25 15:00:00+00:00,168.055,168.16,166.97,168.095,3958.0
2025-07-25 16:00:00+00:00,168.095,168.095,167.1,168.05,1125.0
2025-07-25 17:00:00+00:00,168.21,168.46,167.39,167.56,694.0
2025-07-25 18:00:00+00:00,167.56,168.39,166.98,167.985,916.0
2025-07-25 19:00:00+00:00,167.985,168.8,167.29,167.52,1757.0
2025-07-28 14:00:00+00:00,168.78,170.6,166.49,166.49,2839.0
2025-07-28 15:00:00+00:00,166.49,167.3,165.66,166.165,1420.0
2025-07-28 16:00:00+00:00,166.165,166.55,165.52,166.49,1846.0
2025-07-28 17:00:00+00:00,166.49,167.39,166.21,167.39,1733.0
2025-07-28 18:00:00+00:00,167.39,167.39,165.17,166.13,3299.0
2025-07-28 19:00:00+00:00,166.13,166.185,164.24,164.39,6287.0
2025-07-29 14:00:00+00:00,163.07,163.83,162.025,162.025,2767.0
2025-07-29 15:00:00+00:00,162.025,163.11,161.18,162.97,3890.0
2025-07-29 16:00:00+00:00,162.97,162.995,161.98,162.41,1892.0
2025-07-29 17:00:00+00:00,162.525,162.89,162.26,162.26,2361.0
2025-07-29 18:00:00+00:00,162.26,162.4,161.49,161.49,5668.0
2025-07-29 19:00:00+00:00,161.49,163.72,161.42,163.53,5299.0
2025-07-30 14:00:00+00:00,164.26,165.56,164.04,165.14,3047.0
2025-07-30 15:00:00+00:00,165.14,165.455,163.85,165.455,1636.0
2025-07-30 16:00:00+00:00,165.455,167.19,165.195,167.155,2543.0
2025-07-30 17:00:00+00:00,167.235,168.72,167.01,168.72,1995.0
2025-07-30 18:00:00+00:00,168.835,170.57,168.095,169.26,3029.0
2025-07-30 19:00:00+00:00,168.85,170.57,166.26,167.19,15211.0
2025-07-31 14:00:00+00:00,169.27,172.51,167.52,171.65,3026.0
2025-07-31 15:00:00+00:00,171.65,175.81,171.18,175.27,2334.0
2025-07-31 16:00:00+00:00,175.39,176.89,175.13,175.135,5042.0
2025-07-31 17:00:00+00:00,174.795,175.05,172.86,172.88,2788.0
2025-07-31 18:00:00+00:00,172.88,173.18,171.35,172.43,7373.0
2025-07-31 19:00:00+00:00,172.43,173.58,171.23,173.47,5288.0
2025-08-01 14:00:00+00:00,172.905,177.03,172.88,176.295,2227.0
2025-08-01 15:00:00+00:00,175.88,177.64,175.59,176.85,3775.0
2025-08-01 16:00:00+00:00,176.85,177.56,175.61,175.99,923.0
2025-08-01 17:00:00+00:00,176.37,176.565,175.17,175.245,2653.0
2025-08-01 18:00:00+00:00,175.07,175.865,174.26,174.26,2008.0
2025-08-01 19:00:00+00:00,174.26,175.44,174.19,174.19,4101.0
2025-08-04 14:00:00+00:00,175.195,176.74,175.195,176.04,788.0
2025-08-04 15:00:00+00:00,176.04,177.33,174.45,177.27,1950.0
2025-08-04 16:00:00+00:00,177.27,179.61,177.2,179.285,2684.0
2025-08-04 17:00:00+00:00,179.285,180.31,178.925,180.0,2443.0
2025-08-04 18:00:00+00:00,180.0,181.76,180.0,181.16,2271.0
2025-08-04 19:00:00+00:00,181.125,184.41,180.88,184.23,8792.0
2025-08-05 14:00:00+00:00,183.22,184.96,183.09,183.09,5358.0
2025-08-05 15:00:00+00:00,183.185,183.77,181.05,181.85,3715.0
2025-08-05 16:00:00+00:00,181.85,183.965,181.85,182.625,6892.0
2025-08-05 17:00:00+00:00,182.71,183.08,182.365,182.89,4093.0
2025-08-05 18:00:00+00:00,182.89,184.57,182.89,184.57,3095.0
2025-08-05 19:00:00+00:00,184.57,186.87,184.57,186.695,13473.0
2025-08-06 14:00:00+00:00,178.765,180.85,178.21,180.795,5295.0
2025-08-06 15:00:00+00:00,180.795,182.57,180.79,182.435,3081.0
2025-08-06 16:00:00+00:00,182.435,182.435,180.065,180.76,2740.0
2025-08-06 17:00:00+00:00,180.76,181.585,180.38,181.22,9264.0
2025-08-06 18:00:00+00:00,181.21,181.77,180.51,180.745,2716.0
2025-08-06 19:00:00+00:00,180.745,182.95,180.17,182.77,9121.0
2025-08-07 14:00:00+00:00,183.76,183.76,181.725,182.07,4955.0
2025-08-07 15:00:00+00:00,182.07,184.43,181.64,184.43,2211.0
2025-08-07 16:00:00+00:00,184.43,185.98,184.07,185.79,4339.0
2025-08-07 17:00:00+00:00,185.98,187.76,185.45,187.58,3911.0
2025-08-07 18:00:00+00:00,187.58,188.98,187.02,187.95,17673.0
2025-08-07 19:00:00+00:00,187.79,189.74,186.7,189.365,23140.0
2025-08-08 14:00:00+00:00,184.93,184.93,176.11,179.72,24336.0
2025-08-08 15:00:00+00:00,180.01,185.73,179.285,182.9,11080.0
2025-08-08 16:00:00+00:00,183.2,188.89,182.2,188.525,12506.0
2025-08-08 17:00:00+00:00,188.525,198.42,185.75,188.24,12539.0
2025-08-08 18:00:00+00:00,186.22,192.13,185.9,189.01,3442.0
2025-08-08 19:00:00+00:00,189.01,191.6,188.335,191.53,9811.0
2025-08-11 14:00:00+00:00,193.485,194.505,192.605,194.22,5429.0
2025-08-11 15:00:00+00:00,194.485,194.91,193.4,194.28,3411.0
2025-08-11 16:00:00+00:00,194.3,197.0,193.73,195.15,7863.0
2025-08-11 17:00:00+00:00,195.3,195.66,193.0,193.7,3357.0
2025-08-11 18:00:00+00:00,193.7,195.8,193.7,194.88,5040.0
2025-08-11 19:00:00+00:00,194.99,195.94,192.64,195.845,9958.0
2025-08-12 14:00:00+00:00,193.4,195.7,188.87,193.615,10998.0
2025-08-12 15:00:00+00:00,193.615,194.64,192.84,194.06,5510.0
2025-08-12 16:00:00+00:00,194.06,194.41,193.0,194.215,2162.0
2025-08-12 17:00:00+00:00,194.215,196.365,194.13,195.775,3743.0
2025-08-12 18:00:00+00:00,195.775,197.47,195.77,197.0,5854.0
2025-08-12 19:00:00+00:00,197.08,197.47,193.98,195.77,18331.0
2025-08-13 14:00:00+00:00,191.53,192.41,190.05,191.69,4448.0
2025-08-13 15:00:00+00:00,191.47,192.435,190.73,192.41,3143.0
2025-08-13 16:00:00+00:00,192.805,192.805,190.27,190.97,4246.0
2025-08-13 17:00:00+00:00,191.0,192.07,190.62,190.82,3519.0
2025-08-13 18:00:00+00:00,190.51,191.27,190.3,190.74,3111.0
2025-08-13 19:00:00+00:00,190.9,191.58,190.7,191.0,7653.0
2025-08-14 14:00:00+00:00,191.925,192.165,190.19,192.165,5562.0
2025-08-14 15:00:00+00:00,192.165,193.19,191.59,193.13,3897.0
2025-08-14 16:00:00+00:00,193.13,193.67,192.0,192.0,2740.0
2025-08-14 17:00:00+00:00,191.995,193.05,191.65,192.04,2322.0
2025-08-14 18:00:00+00:00,192.04,192.58,190.49,190.49,3655.0
2025-08-14 19:00:00+00:00,190.49,192.325,190.25,191.885,7571.0
2025-08-15 14:00:00+00:00,192.4,195.005,191.87,194.3,1508.0
2025-08-15 15:00:00+00:00,194.3,195.97,194.0,195.67,3344.0
2025-08-15 16:00:00+00:00,195.67,196.67,194.81,195.2,1337.0
2025-08-15 17:00:00+00:00,195.2,195.33,194.45,195.33,700.0
2025-08-15 18:00:00+00:00,195.33,195.33,193.92,194.85,2534.0
2025-08-15 19:00:00+00:00,194.91,198.34,194.76,198.2,9165.0
2025-08-18 14:00:00+00:00,196.32,196.57,194.5,195.97,1294.0
2025-08-18 15:00:00+00:00,196.22,196.315,195.08,195.805,2379.0
2025-08-18 16:00:00+00:00,195.805,195.805,194.33,194.57,2393.0
2025-08-18 17:00:00+00:00,194.59,194.965,193.94,194.96,2476.0
2025-08-18 18:00:00+00:00,194.96,195.42,194.62,195.28,1911.0
2025-08-18 19:00:00+00:00,195.09,195.565,193.93,194.03,5217.0
2025-08-19 14:00:00+00:00,193.78,195.1,192.77,193.84,4925.0
2025-08-19 15:00:00+00:00,192.84,196.215,192.84,196.105,4586.0
2025-08-19 16:00:00+00:00,196.105,196.21,195.34,195.34,613.0
2025-08-19 17:00:00+00:00,195.34,196.945,195.19,196.945,3220.0
2025-08-19 18:00:00+00:00,196.945,196.945,195.4,195.85,1212.0
2025-08-19 19:00:00+00:00,195.85,195.85,194.58,194.66,5999.0
2025-08-20 14:00:00+00:00,195.78,195.78,193.405,195.0,2875.0
2025-08-20 15:00:00+00:00,195.0,196.56,194.755,195.765,941.0
2025-08-20 16:00:00+00:00,195.76,196.23,195.3,195.3,1153.0
2025-08-20 17:00:00+00:00,195.3,195.3,194.0,194.335,2158.0
2025-08-20 18:00:00+00:00,194.335,195.08,193.65,194.59,2903.0
2025-08-20 19:00:00+00:00,194.59,195.005,192.65,192.71,3612.0
2025-08-21 14:00:00+00:00,192.26,194.42,192.26,193.865,1537.0
2025-08-21 15:00:00+00:00,193.865,195.3,193.835,195.07,6274.0
2025-08-21 16:00:00+00:00,195.01,195.01,194.09,194.625,1172.0
2025-08-21 17:00:00+00:00,194.625,197.31,194.625,195.47,2220.0
2025-08-21 18:00:00+00:00,195.47,195.705,193.9,193.9,6222.0
2025-08-21 19:00:00+00:00,193.9,195.13,192.56,192.96,8788.0
2025-08-22 14:00:00+00:00,194.015,195.415,193.215,193.215,1997.0
2025-08-22 15:00:00+00:00,193.215,194.555,192.34,192.68,4122.0
2025-08-22 16:00:00+00:00,192.68,193.66,192.26,193.45,1834.0
2025-08-22 17:00:00+00:00,193.45,194.665,193.45,194.39,466.0
2025-08-22 18:00:00+00:00,194.39,194.905,193.61,193.61,1276.0
2025-08-22 19:00:00+00:00,193.61,195.13,193.43,194.26,5614.0
2025-08-25 14:00:00+00:00,198.015,198.62,195.93,195.93,1632.0
2025-08-25 15:00:00+00:00,195.93,197.195,195.53,196.15,2857.0
2025-08-25 16:00:00+00:00,196.15,196.22,194.19,194.795,2493.0
2025-08-25 17:00:00+00:00,194.795,195.76,194.55,195.08,2050.0
2025-08-25 18:00:00+00:00,195.08,195.47,193.29,193.29,1651.0
2025-08-25 19:00:00+00:00,193.215,193.75,190.03,190.03,5764.0
2025-08-26 14:00:00+00:00,192.9,193.02,192.27,192.49,302.0
2025-08-26 15:00:00+00:00,192.49,192.49,191.67,192.46,972.0
2025-08-26 16:00:00+00:00,192.46,194.145,192.39,194.145,737.0
2025-08-26 17:00:00+00:00,194.51,195.78,194.51,195.78,102.0
2025-08-26 18:00:00+00:00,195.78,196.255,195.02,195.67,1857.0
2025-08-26 19:00:00+00:00,195.67,196.75,195.29,196.68,5859.0
2025-08-27 14:00:00+00:00,195.72,195.785,194.35,194.42,3379.0
2025-08-27 15:00:00+00:00,194.73,195.075,193.77,194.375,1959.0
2025-08-27 16:00:00+00:00,194.14,194.15,193.49,194.01,2423.0
2025-08-27 17:00:00+00:00,193.695,193.92,193.07,193.7,1642.0
2025-08-27 18:00:00+00:00,193.7,194.41,193.4,193.66,6024.0
2025-08-27 19:00:00+00:00,193.52,194.0,192.97,193.03,8686.0
2025-08-28 14:00:00+00:00,193.0,195.045,192.71,194.9,10213.0
2025-08-28 15:00:00+00:00,194.9,194.9,192.71,193.85,1926.0
2025-08-28 16:00:00+00:00,193.85,194.1,193.49,193.78,1371.0
2025-08-28 17:00:00+00:00,193.78,195.525,193.53,194.785,3054.0
2025-08-28 18:00:00+00:00,194.785,194.785,194.01,194.45,1639.0
2025-08-28 19:00:00+00:00,194.315,194.56,193.44,193.9,3943.0
2025-08-29 14:00:00+00:00,192.95,193.575,191.28,192.11,2433.0
2025-08-29 15:00:00+00:00,192.11,192.71,192.07,192.585,1415.0
2025-08-29 16:00:00+00:00,192.5,194.2,192.5,192.7,4097.0
2025-08-29 17:00:00+00:00,192.975,194.15,192.465,193.59,4073.0
2025-08-29 18:00:00+00:00,193.59,193.59,192.96,193.11,1609.0
2025-08-29 19:00:00+00:00,193.11,194.5,193.11,194.19,5383.0
