date,Close,High,Low,Open,Volume
2021-06-21 00:00:00+00:00,0.52,0.5201,0.5008,0.52,1212795
2021-06-22 00:00:00+00:00,0.5054,0.508,0.496,0.5012,1403910
2021-06-23 00:00:00+00:00,0.5151,0.5199,0.501501,0.5056,1136508
2021-06-24 00:00:00+00:00,0.52,0.5211,0.509,0.519,1032757
2021-06-25 00:00:00+00:00,0.5108,0.5225,0.509,0.519,905574
2021-06-28 00:00:00+00:00,0.512,0.52,0.505,0.52,839332
2021-06-29 00:00:00+00:00,0.509,0.512,0.5017,0.502,787225
2021-06-30 00:00:00+00:00,0.51,0.512,0.502,0.505,860356
2021-07-01 00:00:00+00:00,0.5094,0.5142,0.502,0.5142,430255
2021-07-02 00:00:00+00:00,0.5039,0.51,0.5002,0.507,451894
2021-07-06 00:00:00+00:00,0.5083,0.5184,0.5,0.51,751559
2021-07-07 00:00:00+00:00,0.4913,0.51,0.4875,0.5002,953792
2021-07-08 00:00:00+00:00,0.4843,0.495,0.4767,0.493,715759
2021-07-09 00:00:00+00:00,0.4835,0.4898,0.4683,0.4683,744259
2021-07-12 00:00:00+00:00,0.48,0.4898,0.4739,0.4898,643758
2021-07-13 00:00:00+00:00,0.48,0.48,0.4701,0.48,352041
2021-07-14 00:00:00+00:00,0.4862,0.4891,0.4816,0.4823,574259
2021-07-15 00:00:00+00:00,0.4848,0.4891,0.472,0.4891,926791
2021-07-16 00:00:00+00:00,0.4651,0.4891,0.4582,0.4891,943458
2021-07-19 00:00:00+00:00,0.44,0.456,0.4225,0.456,1123623
2021-07-20 00:00:00+00:00,0.4389,0.44,0.430561,0.44,561190
2021-07-21 00:00:00+00:00,0.4556,0.46,0.432,0.4388,569258
2021-07-22 00:00:00+00:00,0.4481,0.46,0.4401,0.457,888689
2021-07-23 00:00:00+00:00,0.4334,0.447616,0.4121,0.4461,848306
2021-07-26 00:00:00+00:00,0.4422,0.45,0.43,0.4378,440673
2021-07-27 00:00:00+00:00,0.437,0.45,0.4277,0.44,598092
2021-07-28 00:00:00+00:00,0.45,0.45,0.4351,0.45,348940
2021-07-29 00:00:00+00:00,0.4679,0.47,0.45,0.45,395719
2021-07-30 00:00:00+00:00,0.4697,0.48,0.468,0.468,416956
2021-08-02 00:00:00+00:00,0.47,0.4891,0.455,0.4891,351284
2021-08-03 00:00:00+00:00,0.46,0.4685,0.4521,0.459,331490
2021-08-04 00:00:00+00:00,0.4451,0.459899,0.435,0.445,684089
2021-08-05 00:00:00+00:00,0.4335,0.454,0.431,0.454,521695
2021-08-06 00:00:00+00:00,0.429,0.4419,0.425,0.432,442222
2021-08-09 00:00:00+00:00,0.43,0.43,0.41,0.421,1093023
2021-08-10 00:00:00+00:00,0.428,0.4345,0.411,0.411,869547
2021-08-11 00:00:00+00:00,0.4279,0.4279,0.42,0.4235,411345
2021-08-12 00:00:00+00:00,0.4166,0.43,0.4152,0.42,493702
2021-08-13 00:00:00+00:00,0.42,0.42,0.41,0.4166,662384
2021-08-16 00:00:00+00:00,0.401,0.444,0.401,0.42,832900
2021-08-17 00:00:00+00:00,0.396,0.4145,0.395,0.406,879428
2021-08-18 00:00:00+00:00,0.393,0.4,0.39,0.4,761891
2021-08-19 00:00:00+00:00,0.379799,0.3909,0.3627,0.39,1177422
2021-08-20 00:00:00+00:00,0.395,0.395,0.3801,0.3936,574579
2021-08-23 00:00:00+00:00,0.4106,0.422,0.3901,0.4,953691
2021-08-24 00:00:00+00:00,0.416,0.4278,0.4023,0.4106,363369
2021-08-25 00:00:00+00:00,0.4153,0.425,0.4116,0.4235,317402
2021-08-26 00:00:00+00:00,0.4141,0.415,0.406,0.41,220007
2021-08-27 00:00:00+00:00,0.4081,0.4153,0.4,0.4153,575919
2021-08-30 00:00:00+00:00,0.41,0.4239,0.3952,0.41,502800
2021-08-31 00:00:00+00:00,0.4148,0.4194,0.401001,0.4153,392013
2021-09-01 00:00:00+00:00,0.415,0.4189,0.4,0.4015,409315
2021-09-02 00:00:00+00:00,0.42,0.42,0.4034,0.42,396214
2021-09-03 00:00:00+00:00,0.4295,0.43,0.4096,0.423,941251
2021-09-07 00:00:00+00:00,0.4079,0.43,0.4077,0.4195,648056
2021-09-08 00:00:00+00:00,0.4201,0.4298,0.400401,0.41,768347
2021-09-09 00:00:00+00:00,0.4185,0.43,0.4107,0.43,292566
2021-09-10 00:00:00+00:00,0.451,0.46,0.4158,0.4185,1995245
2021-09-13 00:00:00+00:00,0.4943,0.4943,0.4521,0.46,3127424
2021-09-14 00:00:00+00:00,0.49,0.5171,0.4701,0.5171,1506576
2021-09-15 00:00:00+00:00,0.4773,0.49,0.4703,0.4769,525851
2021-09-16 00:00:00+00:00,0.486,0.4941,0.46,0.48,704034
2021-09-17 00:00:00+00:00,0.4983,0.4984,0.464,0.49,803335
2021-09-20 00:00:00+00:00,0.4875,0.4983,0.474,0.4983,858668
2021-09-21 00:00:00+00:00,0.4925,0.4951,0.48,0.4951,478979
2021-09-22 00:00:00+00:00,0.52,0.53,0.490001,0.5,1189704
2021-09-23 00:00:00+00:00,0.5,0.52,0.5,0.51,675436
2021-09-24 00:00:00+00:00,0.5042,0.51,0.4999,0.51,447708
2021-09-27 00:00:00+00:00,0.508,0.51,0.4964,0.51,705793
2021-09-28 00:00:00+00:00,0.5,0.5066,0.4811,0.505,379716
2021-09-29 00:00:00+00:00,0.495,0.5007,0.4841,0.5,532905
2021-09-30 00:00:00+00:00,0.495,0.5071,0.4894,0.4894,399440
2021-10-01 00:00:00+00:00,0.4749,0.5,0.4732,0.5,605662
2021-10-04 00:00:00+00:00,0.47,0.4748,0.46,0.4748,439802
2021-10-05 00:00:00+00:00,0.469,0.469,0.46,0.465,187495
2021-10-06 00:00:00+00:00,0.46,0.46,0.4434,0.456,686507
2021-10-07 00:00:00+00:00,0.471,0.4749,0.448,0.448,540632
2021-10-08 00:00:00+00:00,0.4664,0.4777,0.4629,0.471,559240
2021-10-11 00:00:00+00:00,0.4512,0.4779,0.448,0.47,367428
2021-10-12 00:00:00+00:00,0.46,0.47,0.4481,0.4513,352976
2021-10-13 00:00:00+00:00,0.488,0.488,0.46,0.46,818946
2021-10-14 00:00:00+00:00,0.507,0.51,0.488,0.49,726492
2021-10-15 00:00:00+00:00,0.49,0.4999,0.486,0.49,360626
2021-10-18 00:00:00+00:00,0.4865,0.49,0.463,0.49,472644
2021-10-19 00:00:00+00:00,0.48,0.4899,0.4752,0.4899,388432
2021-10-20 00:00:00+00:00,0.4804,0.49,0.4755,0.49,574054
2021-10-21 00:00:00+00:00,0.479357,0.4808,0.47,0.48,290508
2021-10-22 00:00:00+00:00,0.459,0.48,0.459,0.48,502601
2021-10-25 00:00:00+00:00,0.47,0.4781,0.459,0.461,523790
2021-10-26 00:00:00+00:00,0.4697,0.47,0.4571,0.46,309071
2021-10-27 00:00:00+00:00,0.4511,0.4696,0.4509,0.4614,624760
2021-10-28 00:00:00+00:00,0.478,0.4805,0.45,0.45,711709
2021-10-29 00:00:00+00:00,0.4684,0.4776,0.46,0.475,463352
2021-11-01 00:00:00+00:00,0.4658,0.48,0.461,0.48,413258
2021-11-02 00:00:00+00:00,0.4554,0.4713,0.4501,0.47,590618
2021-11-03 00:00:00+00:00,0.465,0.47,0.44,0.4611,1063045
2021-11-04 00:00:00+00:00,0.4709,0.48,0.4653,0.48,481995
2021-11-05 00:00:00+00:00,0.469999,0.4775,0.46,0.474,627390
2021-11-08 00:00:00+00:00,0.4621,0.476,0.45335,0.4625,762723
2021-11-09 00:00:00+00:00,0.4594,0.463999,0.451,0.4545,613959
2021-11-10 00:00:00+00:00,0.4529,0.469999,0.45,0.4594,661095
2021-11-11 00:00:00+00:00,0.4558,0.47,0.451,0.47,507113
2021-11-12 00:00:00+00:00,0.46,0.4699,0.452,0.459,415699
2021-11-15 00:00:00+00:00,0.461,0.47,0.455,0.47,556643
2021-11-16 00:00:00+00:00,0.4547,0.46,0.4501,0.455,548837
2021-11-17 00:00:00+00:00,0.4509,0.460549,0.45,0.4584,440092
2021-11-18 00:00:00+00:00,0.4191,0.4609,0.419,0.4502,894750
2021-11-19 00:00:00+00:00,0.4188,0.4368,0.417,0.4195,435423
2021-11-22 00:00:00+00:00,0.4089,0.42,0.4045,0.4103,416187
2021-11-23 00:00:00+00:00,0.4086,0.43,0.408,0.429,354989
2021-11-24 00:00:00+00:00,0.408,0.4125,0.4006,0.409,270323
2021-11-26 00:00:00+00:00,0.4,0.41,0.39,0.4099,590468
2021-11-29 00:00:00+00:00,0.4013,0.412,0.3876,0.412,476043
2021-11-30 00:00:00+00:00,0.4119,0.4171,0.3977,0.4029,432877
2021-12-01 00:00:00+00:00,0.41,0.412,0.398,0.41,690340
2021-12-02 00:00:00+00:00,0.385,0.40215,0.38,0.39,834030
2021-12-03 00:00:00+00:00,0.3849,0.3997,0.37,0.385,816375
2021-12-06 00:00:00+00:00,0.377,0.3886,0.37,0.38,399372
2021-12-07 00:00:00+00:00,0.4034,0.4052,0.377,0.3825,746384
2021-12-08 00:00:00+00:00,0.3906,0.41,0.3906,0.41,376009
2021-12-09 00:00:00+00:00,0.3807,0.4,0.372,0.4,302776
2021-12-10 00:00:00+00:00,0.398,0.4001,0.37,0.374,521010
2021-12-13 00:00:00+00:00,0.3827,0.401849,0.38,0.4018,455652
2021-12-14 00:00:00+00:00,0.375,0.3827,0.375,0.38,189441
2021-12-15 00:00:00+00:00,0.3665,0.38295,0.36,0.38,602358
2021-12-16 00:00:00+00:00,0.38,0.385,0.37,0.37,232265
2021-12-17 00:00:00+00:00,0.3815,0.3881,0.376,0.38,368152
2021-12-20 00:00:00+00:00,0.3949,0.41,0.366,0.38,1369557
2021-12-21 00:00:00+00:00,0.41,0.41,0.3949,0.41,728312
2021-12-22 00:00:00+00:00,0.407,0.41,0.39,0.41,309956
2021-12-23 00:00:00+00:00,0.39,0.4077,0.3804,0.4065,556294
2021-12-27 00:00:00+00:00,0.3963,0.397,0.378599,0.38,571787
2021-12-28 00:00:00+00:00,0.3851,0.4,0.3807,0.39,416509
2021-12-29 00:00:00+00:00,0.3784,0.385,0.3735,0.385,551873
2021-12-30 00:00:00+00:00,0.36,0.3784,0.34,0.37,1352455
2021-12-31 00:00:00+00:00,0.395852,0.4,0.359899,0.36,2099149
2022-01-03 00:00:00+00:00,0.4022,0.407,0.37,0.3757,243845
2022-01-04 00:00:00+00:00,0.405,0.42,0.3932,0.3932,199273
2022-01-05 00:00:00+00:00,0.4075,0.42,0.405,0.418,294373
2022-01-06 00:00:00+00:00,0.3913,0.4099,0.3902,0.4052,207754
2022-01-07 00:00:00+00:00,0.405,0.41,0.3854,0.4,262692
2022-01-10 00:00:00+00:00,0.4114,0.41525,0.3751,0.405,549127
2022-01-11 00:00:00+00:00,0.4251,0.4306,0.4086,0.41,460034
2022-01-12 00:00:00+00:00,0.422001,0.435,0.4206,0.435,359022
2022-01-13 00:00:00+00:00,0.42,0.4325,0.4112,0.4193,364571
2022-01-14 00:00:00+00:00,0.4047,0.4399,0.4,0.4399,344837
2022-01-18 00:00:00+00:00,0.412801,0.427,0.405,0.41,391582
2022-01-19 00:00:00+00:00,0.4371,0.445,0.42,0.42,444119
2022-01-20 00:00:00+00:00,0.4101,0.4475,0.4101,0.441,408447
2022-01-21 00:00:00+00:00,0.392,0.4295,0.39,0.42,458032
2022-01-24 00:00:00+00:00,0.3766,0.4053,0.361,0.3925,968218
2022-01-25 00:00:00+00:00,0.3882,0.3906,0.3735,0.3753,633931
2022-01-26 00:00:00+00:00,0.3779,0.389999,0.37,0.38,416280
2022-01-27 00:00:00+00:00,0.372,0.3968,0.372,0.3875,563469
2022-01-28 00:00:00+00:00,0.3675,0.42,0.3658,0.3834,549765
2022-01-31 00:00:00+00:00,0.3701,0.399,0.363,0.365,477693
2022-02-01 00:00:00+00:00,0.367,0.42,0.3611,0.4166,784594
2022-02-02 00:00:00+00:00,0.372099,0.41,0.365,0.41,471270
2022-02-03 00:00:00+00:00,0.360949,0.387,0.356,0.38,784269
2022-02-04 00:00:00+00:00,0.3654,0.374,0.3502,0.36,967445
2022-02-07 00:00:00+00:00,0.3551,0.375,0.35,0.3732,671231
2022-02-08 00:00:00+00:00,0.3552,0.3625,0.3411,0.3559,510569
2022-02-09 00:00:00+00:00,0.359401,0.364099,0.35,0.36,501891
2022-02-10 00:00:00+00:00,0.3599,0.3614,0.342,0.342,603235
2022-02-11 00:00:00+00:00,0.36,0.373,0.3494,0.3494,635096
2022-02-14 00:00:00+00:00,0.353099,0.3599,0.3411,0.3504,448841
2022-02-15 00:00:00+00:00,0.3493,0.36,0.3434,0.3583,309511
2022-02-16 00:00:00+00:00,0.3463,0.36,0.343,0.36,439111
2022-02-17 00:00:00+00:00,0.3513,0.37,0.3465,0.35,869082
2022-02-18 00:00:00+00:00,0.3541,0.368,0.344,0.363,794789
2022-02-22 00:00:00+00:00,0.3572,0.3631,0.3467,0.36,435231
2022-02-23 00:00:00+00:00,0.38,0.385,0.3412,0.361,1161086
2022-02-24 00:00:00+00:00,0.367,0.415,0.3575,0.415,841287
2022-02-25 00:00:00+00:00,0.3541,0.38,0.3503,0.37,613828
2022-02-28 00:00:00+00:00,0.41,0.41,0.36,0.36,561497
2022-03-01 00:00:00+00:00,0.4,0.41,0.3609,0.395,1244989
2022-03-02 00:00:00+00:00,0.39,0.39,0.3589,0.39,831480
2022-03-03 00:00:00+00:00,0.3701,0.38,0.355,0.37,653427
2022-03-04 00:00:00+00:00,0.3692,0.383,0.36,0.3696,562742
2022-03-07 00:00:00+00:00,0.37,0.383,0.36,0.375,1001968
2022-03-08 00:00:00+00:00,0.3975,0.44,0.3774,0.43,4384239
2022-03-09 00:00:00+00:00,0.39,0.4085,0.3725,0.375,1222870
2022-03-10 00:00:00+00:00,0.3992,0.4099,0.37,0.3906,12555911
2022-03-11 00:00:00+00:00,0.405,0.4952,0.385,0.4631,30188555
2022-03-14 00:00:00+00:00,0.35,0.3815,0.3411,0.3768,6997098
2022-03-15 00:00:00+00:00,0.328,0.37,0.322,0.3653,4673538
2022-03-16 00:00:00+00:00,0.315,0.3335,0.2975,0.3286,4874150
2022-03-17 00:00:00+00:00,0.3272,0.34,0.32,0.3205,2201597
2022-03-18 00:00:00+00:00,0.333,0.3385,0.325,0.33,1591986
2022-03-21 00:00:00+00:00,0.3243,0.3329,0.31,0.3325,1937132
2022-03-22 00:00:00+00:00,0.3243,0.3243,0.3055,0.3243,2587547
2022-03-23 00:00:00+00:00,0.33,0.3325,0.315,0.32,940959
2022-03-24 00:00:00+00:00,0.3143,0.33,0.2989,0.33,3412358
2022-03-25 00:00:00+00:00,0.314,0.315,0.2875,0.315,3605787
2022-03-28 00:00:00+00:00,0.3185,0.3185,0.2983,0.3039,1651770
2022-03-29 00:00:00+00:00,0.3175,0.3175,0.3051,0.31,1317861
2022-03-30 00:00:00+00:00,0.317,0.3249,0.3115,0.3149,974823
2022-03-31 00:00:00+00:00,0.3095,0.317,0.3,0.317,1162103
2022-04-01 00:00:00+00:00,0.3004,0.3058,0.3,0.3038,801720
2022-04-04 00:00:00+00:00,0.3065,0.3097,0.3,0.308,594031
2022-04-05 00:00:00+00:00,0.3075,0.3089,0.3,0.305,696800
2022-04-06 00:00:00+00:00,0.3,0.3075,0.29415,0.3048,864672
2022-04-07 00:00:00+00:00,0.2994,0.3033,0.2921,0.3,583346
2022-04-08 00:00:00+00:00,0.3085,0.3096,0.2927,0.3,810162
2022-04-11 00:00:00+00:00,0.3,0.319,0.3,0.3093,1148533
2022-04-12 00:00:00+00:00,0.31,0.3113,0.3,0.3,794068
2022-04-13 00:00:00+00:00,0.31,0.315,0.3,0.305,754553
2022-04-14 00:00:00+00:00,0.3098,0.316,0.3055,0.315,1040098
2022-04-18 00:00:00+00:00,0.3259,0.332,0.314,0.315,2318998
2022-04-19 00:00:00+00:00,0.3291,0.3399,0.32,0.3269,805252
2022-04-20 00:00:00+00:00,0.33,0.3325,0.3224,0.325,735114
2022-04-21 00:00:00+00:00,0.321,0.342399,0.31,0.3325,1059190
2022-04-22 00:00:00+00:00,0.3169,0.3271,0.3059,0.32,678829
2022-04-25 00:00:00+00:00,0.3066,0.3147,0.2954,0.31,666376
2022-04-26 00:00:00+00:00,0.3,0.315,0.296,0.3041,453539
2022-04-27 00:00:00+00:00,0.3004,0.3037,0.296,0.3,484468
2022-04-28 00:00:00+00:00,0.3009,0.3015,0.2921,0.3015,531068
2022-04-29 00:00:00+00:00,0.296,0.3027,0.2875,0.298,1027600
2022-05-02 00:00:00+00:00,0.302,0.3023,0.2827,0.2961,1127334
2022-05-03 00:00:00+00:00,0.317,0.317,0.2941,0.3,924500
2022-05-04 00:00:00+00:00,0.3169,0.3169,0.2979,0.3,320638
2022-05-05 00:00:00+00:00,0.32,0.32,0.3011,0.319,385043
2022-05-06 00:00:00+00:00,0.3098,0.315,0.2961,0.315,455016
2022-05-09 00:00:00+00:00,0.288,0.3025,0.284,0.291,912901
2022-05-10 00:00:00+00:00,0.289,0.29,0.2803,0.2803,539431
2022-05-11 00:00:00+00:00,0.28,0.2925,0.275,0.29,846928
2022-05-12 00:00:00+00:00,0.27,0.2791,0.2632,0.275,804948
2022-05-13 00:00:00+00:00,0.2961,0.313,0.271971,0.298,959987
2022-05-16 00:00:00+00:00,0.2911,0.3092,0.2911,0.305,523052
2022-05-17 00:00:00+00:00,0.2999,0.3054,0.285,0.3004,302108
2022-05-18 00:00:00+00:00,0.308,0.3099,0.293,0.3,452681
2022-05-19 00:00:00+00:00,0.305,0.31,0.3,0.3061,310023
2022-05-20 00:00:00+00:00,0.3058,0.31,0.299,0.31,435572
2022-05-23 00:00:00+00:00,0.3155,0.3177,0.306001,0.3097,320702
2022-05-24 00:00:00+00:00,0.3248,0.3248,0.309,0.3175,450618
2022-05-25 00:00:00+00:00,0.33,0.33,0.31,0.31,532072
2022-05-26 00:00:00+00:00,0.318,0.3279,0.3,0.3,430000
2022-05-27 00:00:00+00:00,0.33,0.34,0.3175,0.327,980479
2022-05-31 00:00:00+00:00,0.3449,0.3499,0.3209,0.3209,924415
2022-06-01 00:00:00+00:00,0.3271,0.35,0.3129,0.35,1090288
2022-06-02 00:00:00+00:00,0.3321,0.3429,0.33,0.3368,527692
2022-06-03 00:00:00+00:00,0.3497,0.3497,0.3181,0.3299,435482
2022-06-06 00:00:00+00:00,0.3245,0.3399,0.3162,0.3328,556190
2022-06-07 00:00:00+00:00,0.354,0.354,0.32,0.32,1305653
2022-06-08 00:00:00+00:00,0.3582,0.3629,0.345,0.3532,661074
2022-06-09 00:00:00+00:00,0.3628,0.3674,0.3449,0.365,438535
2022-06-10 00:00:00+00:00,0.3672,0.3696,0.34,0.34,704711
2022-06-13 00:00:00+00:00,0.3515,0.376,0.3451,0.36,1039979
2022-06-14 00:00:00+00:00,0.35,0.3613,0.3355,0.3515,537966
2022-06-15 00:00:00+00:00,0.36,0.3649,0.3455,0.3614,1218396
2022-06-16 00:00:00+00:00,0.3994,0.3994,0.3517,0.37,2267796
2022-06-17 00:00:00+00:00,0.402,0.41,0.394,0.4,1373468
2022-06-21 00:00:00+00:00,0.3977,0.4,0.3804,0.4,1038376
2022-06-22 00:00:00+00:00,0.4,0.4,0.38,0.4,471531
2022-06-23 00:00:00+00:00,0.36,0.3949,0.3576,0.382,772758
2022-06-24 00:00:00+00:00,0.3699,0.371901,0.36,0.37,303898
2022-06-27 00:00:00+00:00,0.3923,0.3974,0.3787,0.383,465406
2022-06-28 00:00:00+00:00,0.3868,0.3949,0.3835,0.3918,228523
2022-06-29 00:00:00+00:00,0.3873,0.3893,0.38,0.387,203015
2022-06-30 00:00:00+00:00,0.3721,0.385,0.36,0.38,630783
2022-07-01 00:00:00+00:00,0.3794,0.38,0.3617,0.3617,200614
2022-07-05 00:00:00+00:00,0.3594,0.38,0.3429,0.38,423074
2022-07-06 00:00:00+00:00,0.3526,0.3644,0.35,0.3594,571214
2022-07-07 00:00:00+00:00,0.3598,0.3798,0.3453,0.36,427034
2022-07-08 00:00:00+00:00,0.3619,0.369,0.350101,0.3617,205221
2022-07-11 00:00:00+00:00,0.335,0.3619,0.335,0.35,519297
2022-07-12 00:00:00+00:00,0.3334,0.3479,0.3305,0.334,210183
2022-07-13 00:00:00+00:00,0.3485,0.358,0.335,0.335,322901
2022-07-14 00:00:00+00:00,0.3347,0.3486,0.3313,0.34,239866
2022-07-15 00:00:00+00:00,0.3361,0.345,0.335,0.34,94286
2022-07-18 00:00:00+00:00,0.34,0.357,0.3361,0.34,590735
2022-07-19 00:00:00+00:00,0.3679,0.3834,0.34,0.34,324325
2022-07-20 00:00:00+00:00,0.3849,0.4078,0.365,0.365,695386
2022-07-21 00:00:00+00:00,0.3887,0.4,0.379697,0.4,222630
2022-07-22 00:00:00+00:00,0.3897,0.399,0.3819,0.3924,401186
2022-07-25 00:00:00+00:00,0.41,0.4218,0.38,0.3901,812163
2022-07-26 00:00:00+00:00,0.4096,0.42,0.3999,0.41,544814
2022-07-27 00:00:00+00:00,0.4264,0.4395,0.41,0.41,922161
2022-07-28 00:00:00+00:00,0.464899,0.4728,0.4389,0.4395,1226856
2022-07-29 00:00:00+00:00,0.4632,0.49,0.4507,0.465,1492130
2022-08-01 00:00:00+00:00,0.469899,0.4851,0.4463,0.48,1162129
2022-08-02 00:00:00+00:00,0.4708,0.48,0.465,0.4745,691206
2022-08-03 00:00:00+00:00,0.4739,0.479,0.46,0.46,735415
2022-08-04 00:00:00+00:00,0.482,0.49,0.4651,0.48,775954
2022-08-05 00:00:00+00:00,0.4732,0.4899,0.47,0.4899,210223
2022-08-08 00:00:00+00:00,0.4764,0.48,0.4706,0.4735,281162
2022-08-09 00:00:00+00:00,0.4716,0.484,0.47,0.48,302362
2022-08-10 00:00:00+00:00,0.477633,0.48,0.4716,0.48,324693
2022-08-11 00:00:00+00:00,0.4784,0.484,0.474,0.48,522621
2022-08-12 00:00:00+00:00,0.4943,0.5,0.4775,0.4775,1306056
2022-08-15 00:00:00+00:00,0.488,0.5,0.4801,0.5,420183
2022-08-16 00:00:00+00:00,0.4824,0.49,0.47,0.488,346069
2022-08-17 00:00:00+00:00,0.4897,0.4908,0.4775,0.48,334800
2022-08-18 00:00:00+00:00,0.474,0.492,0.47,0.492,405808
2022-08-19 00:00:00+00:00,0.4733,0.478,0.4481,0.47,792849
2022-08-22 00:00:00+00:00,0.5139,0.5157,0.47,0.48,1646921
2022-08-23 00:00:00+00:00,0.5455,0.55,0.512,0.5139,1754667
2022-08-24 00:00:00+00:00,0.541,0.5483,0.5127,0.548,861466
2022-08-25 00:00:00+00:00,0.5387,0.545,0.525,0.54,544568
2022-08-26 00:00:00+00:00,0.4956,0.5298,0.478,0.5295,807543
2022-08-29 00:00:00+00:00,0.51,0.52,0.493701,0.5,502021
2022-08-30 00:00:00+00:00,0.475,0.514899,0.465,0.5086,1096845
2022-08-31 00:00:00+00:00,0.481471,0.51,0.465,0.465,261694
2022-09-01 00:00:00+00:00,0.4776,0.49,0.4552,0.49,496727
2022-09-02 00:00:00+00:00,0.4788,0.4837,0.4733,0.4768,283427
2022-09-06 00:00:00+00:00,0.46,0.485,0.46,0.4792,288048
2022-09-07 00:00:00+00:00,0.472,0.4741,0.46,0.46,145520
2022-09-08 00:00:00+00:00,0.4722,0.485,0.462214,0.476,224545
2022-09-09 00:00:00+00:00,0.483,0.4859,0.47,0.4731,332971
2022-09-12 00:00:00+00:00,0.499,0.499,0.483,0.483,328307
2022-09-13 00:00:00+00:00,0.49,0.5,0.4701,0.5,504648
2022-09-14 00:00:00+00:00,0.4765,0.4897,0.47,0.48,222575
2022-09-15 00:00:00+00:00,0.4648,0.48255,0.463,0.48,354655
2022-09-16 00:00:00+00:00,0.46,0.4693,0.4501,0.46,507941
2022-09-19 00:00:00+00:00,0.4469,0.489,0.4209,0.489,635061
2022-09-20 00:00:00+00:00,0.4212,0.4399,0.41,0.436,544212
2022-09-21 00:00:00+00:00,0.4327,0.4327,0.41,0.42,428421
2022-09-22 00:00:00+00:00,0.4214,0.4326,0.419,0.43,451799
2022-09-23 00:00:00+00:00,0.38,0.4249,0.3701,0.42,1030649
2022-09-26 00:00:00+00:00,0.375,0.389899,0.355,0.3551,468726
2022-09-27 00:00:00+00:00,0.3771,0.3891,0.374349,0.3862,264328
2022-09-28 00:00:00+00:00,0.3905,0.3972,0.38,0.38,357936
2022-09-29 00:00:00+00:00,0.3725,0.3999,0.3622,0.398,437499
2022-09-30 00:00:00+00:00,0.3901,0.3971,0.3768,0.388,472599
2022-10-03 00:00:00+00:00,0.4246,0.4265,0.4,0.4,423827
2022-10-04 00:00:00+00:00,0.4461,0.45,0.43,0.43,498281
2022-10-05 00:00:00+00:00,0.4417,0.4489,0.43,0.4488,428443
2022-10-06 00:00:00+00:00,0.439,0.439,0.43,0.439,157590
2022-10-07 00:00:00+00:00,0.4223,0.44,0.4134,0.44,170810
2022-10-10 00:00:00+00:00,0.3994,0.43,0.3981,0.43,230535
2022-10-11 00:00:00+00:00,0.4,0.415,0.385,0.3999,327721
2022-10-12 00:00:00+00:00,0.4063,0.4248,0.395001,0.4,209889
2022-10-13 00:00:00+00:00,0.407,0.41,0.3901,0.3913,203779
2022-10-14 00:00:00+00:00,0.3975,0.4101,0.387,0.41,302464
2022-10-17 00:00:00+00:00,0.388,0.4139,0.3861,0.405,277892
2022-10-18 00:00:00+00:00,0.39,0.401,0.3821,0.401,261598
2022-10-19 00:00:00+00:00,0.3812,0.389,0.381,0.382,248169
2022-10-20 00:00:00+00:00,0.382,0.395,0.382,0.39,202160
2022-10-21 00:00:00+00:00,0.391,0.3929,0.3801,0.3901,84258
2022-10-24 00:00:00+00:00,0.3799,0.3901,0.37,0.39,299394
2022-10-25 00:00:00+00:00,0.386,0.3892,0.3703,0.3775,134407
2022-10-26 00:00:00+00:00,0.3902,0.4,0.3821,0.3821,274704
2022-10-27 00:00:00+00:00,0.39,0.401,0.39,0.4,63262
2022-10-28 00:00:00+00:00,0.378,0.399,0.373,0.399,231846
2022-10-31 00:00:00+00:00,0.3799,0.387399,0.3726,0.38,131261
2022-11-01 00:00:00+00:00,0.3707,0.3848,0.3639,0.3848,290196
2022-11-02 00:00:00+00:00,0.3502,0.37,0.3501,0.36,385101
2022-11-03 00:00:00+00:00,0.3464,0.35989,0.3427,0.35,300004
2022-11-04 00:00:00+00:00,0.3711,0.379,0.3561,0.36,330942
2022-11-07 00:00:00+00:00,0.3663,0.38,0.36,0.372,171347
2022-11-08 00:00:00+00:00,0.374,0.3802,0.3665,0.3665,373704
2022-11-09 00:00:00+00:00,0.35,0.3885,0.35,0.388,279580
2022-11-10 00:00:00+00:00,0.36885,0.3799,0.36,0.3675,387441
2022-11-11 00:00:00+00:00,0.3653,0.379,0.36,0.376,109244
2022-11-14 00:00:00+00:00,0.3693,0.3705,0.36,0.3627,147638
2022-11-15 00:00:00+00:00,0.383,0.3859,0.367,0.37,424812
2022-11-16 00:00:00+00:00,0.367915,0.3816,0.3675,0.375,118385
2022-11-17 00:00:00+00:00,0.3653,0.3706,0.3563,0.3675,206206
2022-11-18 00:00:00+00:00,0.3694,0.375,0.3578,0.375,154654
2022-11-21 00:00:00+00:00,0.36,0.3645,0.351,0.36,190178
2022-11-22 00:00:00+00:00,0.36,0.3669,0.3528,0.3528,145877
2022-11-23 00:00:00+00:00,0.3671,0.369873,0.3603,0.3698,113945
2022-11-25 00:00:00+00:00,0.3642,0.36899,0.35,0.3601,103882
2022-11-28 00:00:00+00:00,0.3548,0.362199,0.3416,0.3535,207692
2022-11-29 00:00:00+00:00,0.3401,0.3551,0.34,0.3551,345395
2022-11-30 00:00:00+00:00,0.3392,0.3423,0.33,0.34,373507
2022-12-01 00:00:00+00:00,0.347,0.3499,0.3378,0.34,985606
2022-12-02 00:00:00+00:00,0.348,0.359,0.345,0.359,426428
2022-12-05 00:00:00+00:00,0.3366,0.35,0.3333,0.35,316351
2022-12-06 00:00:00+00:00,0.3213,0.3439,0.315,0.3325,525055
2022-12-07 00:00:00+00:00,0.327,0.33,0.3125,0.315,284885
2022-12-08 00:00:00+00:00,0.3237,0.3331,0.3225,0.3225,147134
2022-12-09 00:00:00+00:00,0.317,0.3249,0.3131,0.318,343133
2022-12-12 00:00:00+00:00,0.3157,0.3311,0.31,0.328,409728
2022-12-13 00:00:00+00:00,0.3168,0.3274,0.3162,0.32,397197
2022-12-14 00:00:00+00:00,0.34,0.34,0.31,0.32,307393
2022-12-15 00:00:00+00:00,0.3244,0.3447,0.323,0.3314,367696
2022-12-16 00:00:00+00:00,0.3345,0.3447,0.321,0.321,290253
2022-12-19 00:00:00+00:00,0.3232,0.335,0.3151,0.33,360393
2022-12-20 00:00:00+00:00,0.3301,0.3345,0.3208,0.3299,347886
2022-12-21 00:00:00+00:00,0.329,0.3365,0.325098,0.33,207274
2022-12-22 00:00:00+00:00,0.336,0.3369,0.3236,0.335,287515
2022-12-23 00:00:00+00:00,0.3475,0.3511,0.3358,0.339,216911
2022-12-27 00:00:00+00:00,0.3518,0.362,0.3411,0.36,300249
2022-12-28 00:00:00+00:00,0.3464,0.362,0.34,0.36,219431
2022-12-29 00:00:00+00:00,0.34,0.35,0.3339,0.345,219037
2022-12-30 00:00:00+00:00,0.3383,0.3415,0.326404,0.33,427518
2023-01-03 00:00:00+00:00,0.349599,0.3497,0.333,0.3475,263614
2023-01-04 00:00:00+00:00,0.36,0.369899,0.34,0.34,774895
2023-01-05 00:00:00+00:00,0.349,0.3632,0.3448,0.36,231634
2023-01-06 00:00:00+00:00,0.3504,0.371,0.345,0.3509,314642
2023-01-09 00:00:00+00:00,0.3625,0.373,0.35345,0.373,277682
2023-01-10 00:00:00+00:00,0.367549,0.368,0.3552,0.3625,281532
2023-01-11 00:00:00+00:00,0.3709,0.371,0.3634,0.368,346719
2023-01-12 00:00:00+00:00,0.3899,0.3913,0.37,0.373,368689
2023-01-13 00:00:00+00:00,0.4251,0.43,0.386199,0.4,801426
2023-01-17 00:00:00+00:00,0.439799,0.4449,0.4213,0.43,457131
2023-01-18 00:00:00+00:00,0.430326,0.45,0.425,0.44,653621
2023-01-19 00:00:00+00:00,0.457551,0.469,0.413,0.425,1464530
2023-01-20 00:00:00+00:00,0.4844,0.495,0.4685,0.469,870799
2023-01-23 00:00:00+00:00,0.5,0.51,0.49,0.49,1256237
2023-01-24 00:00:00+00:00,0.4771,0.515,0.4677,0.51,747442
2023-01-25 00:00:00+00:00,0.4857,0.49,0.46,0.49,314361
2023-01-26 00:00:00+00:00,0.4952,0.499,0.48001,0.4855,336417
2023-01-27 00:00:00+00:00,0.472001,0.500501,0.4631,0.5,521512
2023-01-30 00:00:00+00:00,0.46755,0.484,0.4611,0.48,379372
2023-01-31 00:00:00+00:00,0.489,0.4915,0.46,0.46,331150
2023-02-01 00:00:00+00:00,0.4781,0.4939,0.47201,0.49,219192
2023-02-02 00:00:00+00:00,0.47,0.4968,0.47,0.4968,260159
2023-02-03 00:00:00+00:00,0.4504,0.4701,0.45,0.4701,580563
2023-02-06 00:00:00+00:00,0.447,0.462,0.4451,0.46,295227
2023-02-07 00:00:00+00:00,0.459,0.4688,0.447001,0.45,618830
2023-02-08 00:00:00+00:00,0.463,0.4648,0.4585,0.46,166811
2023-02-09 00:00:00+00:00,0.458,0.47,0.4506,0.463,299608
2023-02-10 00:00:00+00:00,0.434,0.459,0.43,0.455,224085
2023-02-13 00:00:00+00:00,0.4242,0.443199,0.42,0.44,291075
2023-02-14 00:00:00+00:00,0.44,0.45,0.43,0.4392,164856
2023-02-15 00:00:00+00:00,0.414,0.4376,0.4111,0.43,436231
2023-02-16 00:00:00+00:00,0.425,0.4343,0.4072,0.42,222599
2023-02-17 00:00:00+00:00,0.435,0.4397,0.4088,0.421,304757
2023-02-21 00:00:00+00:00,0.41,0.4425,0.398,0.4425,465788
2023-02-22 00:00:00+00:00,0.4001,0.422499,0.4,0.42,296594
2023-02-23 00:00:00+00:00,0.4134,0.4161,0.4,0.4,200367
2023-02-24 00:00:00+00:00,0.4051,0.4125,0.4,0.4125,157490
2023-02-27 00:00:00+00:00,0.4156,0.42,0.41,0.41,122181
2023-02-28 00:00:00+00:00,0.3999,0.4099,0.3962,0.405,481389
2023-03-01 00:00:00+00:00,0.4031,0.4149,0.3955,0.4057,279704
2023-03-02 00:00:00+00:00,0.4164,0.4298,0.3914,0.3914,195425
2023-03-03 00:00:00+00:00,0.4399,0.4487,0.42,0.42,355202
2023-03-06 00:00:00+00:00,0.4391,0.45,0.4315,0.4476,183162
2023-03-07 00:00:00+00:00,0.4141,0.4318,0.41,0.4305,205522
2023-03-08 00:00:00+00:00,0.3981,0.4199,0.3903,0.41,259465
2023-03-09 00:00:00+00:00,0.3949,0.4099,0.39,0.4059,196804
2023-03-10 00:00:00+00:00,0.41,0.4299,0.398,0.398,242790
2023-03-13 00:00:00+00:00,0.450101,0.4625,0.42,0.427,637333
2023-03-14 00:00:00+00:00,0.4503,0.4717,0.45,0.465,323488
2023-03-15 00:00:00+00:00,0.47,0.4729,0.453,0.46,429284
2023-03-16 00:00:00+00:00,0.4615,0.475,0.45,0.47,324557
2023-03-17 00:00:00+00:00,0.4848,0.4988,0.4624,0.4845,619634
2023-03-20 00:00:00+00:00,0.487,0.5,0.48,0.5,403878
2023-03-21 00:00:00+00:00,0.455,0.4871,0.445,0.484,388865
2023-03-22 00:00:00+00:00,0.49,0.4935,0.4579,0.4579,511711
2023-03-23 00:00:00+00:00,0.505,0.515,0.49,0.495,730270
2023-03-24 00:00:00+00:00,0.4949,0.51,0.492,0.51,311136
2023-03-27 00:00:00+00:00,0.4904,0.5,0.48,0.5,283454
2023-03-28 00:00:00+00:00,0.505,0.5098,0.4422,0.495,541660
2023-03-29 00:00:00+00:00,0.4901,0.5099,0.49,0.5054,504937
2023-03-30 00:00:00+00:00,0.479,0.5,0.479,0.4979,514900
2023-03-31 00:00:00+00:00,0.4822,0.4876,0.47,0.479,291145
2023-04-03 00:00:00+00:00,0.4878,0.5,0.47,0.47,255135
2023-04-04 00:00:00+00:00,0.53,0.53,0.48,0.49,921848
2023-04-05 00:00:00+00:00,0.5264,0.54,0.505,0.54,552876
2023-04-06 00:00:00+00:00,0.524,0.5351,0.515,0.53,343258
2023-04-10 00:00:00+00:00,0.5022,0.52,0.495,0.514,303695
2023-04-11 00:00:00+00:00,0.533,0.54,0.5001,0.51,565566
2023-04-12 00:00:00+00:00,0.545,0.545,0.5185,0.5371,724943
2023-04-13 00:00:00+00:00,0.575,0.5799,0.5454,0.55,1285388
2023-04-14 00:00:00+00:00,0.571,0.5799,0.553,0.553,631161
2023-04-17 00:00:00+00:00,0.5326,0.573,0.5276,0.571,903003
2023-04-18 00:00:00+00:00,0.5365,0.540951,0.525,0.532,374459
2023-04-19 00:00:00+00:00,0.534,0.54,0.521,0.53,375906
2023-04-20 00:00:00+00:00,0.549,0.549999,0.5385,0.5463,276127
2023-04-21 00:00:00+00:00,0.5263,0.546995,0.5217,0.5284,301664
2023-04-24 00:00:00+00:00,0.5343,0.5359,0.52,0.531,205843
2023-04-25 00:00:00+00:00,0.5479,0.55,0.53,0.53,422082
2023-04-26 00:00:00+00:00,0.54575,0.551,0.54,0.55,285815
2023-04-27 00:00:00+00:00,0.5426,0.55,0.5358,0.54,257939
2023-04-28 00:00:00+00:00,0.5426,0.553,0.5388,0.553,400828
2023-05-01 00:00:00+00:00,0.535,0.545799,0.53,0.545,392522
2023-05-02 00:00:00+00:00,0.5331,0.5456,0.53,0.53,395515
2023-05-03 00:00:00+00:00,0.5597,0.56,0.5302,0.5331,442387
2023-05-04 00:00:00+00:00,0.5613,0.578,0.5601,0.57,837210
2023-05-05 00:00:00+00:00,0.5721,0.5805,0.5696,0.57,699931
2023-05-08 00:00:00+00:00,0.5834,0.597,0.5711,0.58,1542756
2023-05-09 00:00:00+00:00,0.595,0.596,0.59,0.59,566595
2023-05-10 00:00:00+00:00,0.5697,0.5899,0.5502,0.5869,549560
2023-05-11 00:00:00+00:00,0.5431,0.57,0.5352,0.5555,529019
2023-05-12 00:00:00+00:00,0.5772,0.58,0.55,0.55,466286
2023-05-15 00:00:00+00:00,0.5512,0.5825,0.5466,0.5466,810600
2023-05-16 00:00:00+00:00,0.5552,0.5764,0.5479,0.5524,636759
2023-05-17 00:00:00+00:00,0.56,0.56,0.55,0.553,440454
2023-05-18 00:00:00+00:00,0.5127,0.5599,0.495,0.55,942631
2023-05-19 00:00:00+00:00,0.5099,0.5199,0.505,0.5199,418531
2023-05-22 00:00:00+00:00,0.4801,0.5149,0.4801,0.5051,488986
2023-05-23 00:00:00+00:00,0.4803,0.4848,0.4501,0.48,736490
2023-05-24 00:00:00+00:00,0.4742,0.4908,0.47,0.4908,230621
2023-05-25 00:00:00+00:00,0.4504,0.487296,0.4504,0.4763,480793
2023-05-26 00:00:00+00:00,0.4603,0.4659,0.4564,0.4564,283672
2023-05-30 00:00:00+00:00,0.443,0.4663,0.4405,0.4663,493390
2023-05-31 00:00:00+00:00,0.455,0.4586,0.443,0.45,233926
2023-06-01 00:00:00+00:00,0.4799,0.4799,0.44,0.44,334627
2023-06-02 00:00:00+00:00,0.4778,0.48,0.46,0.46,269575
2023-06-05 00:00:00+00:00,0.471,0.4821,0.47,0.48,127906
2023-06-06 00:00:00+00:00,0.4624,0.4712,0.457,0.47,182396
2023-06-07 00:00:00+00:00,0.4531,0.4699,0.4531,0.46,154358
2023-06-08 00:00:00+00:00,0.47,0.47,0.45,0.45,161704
2023-06-09 00:00:00+00:00,0.45,0.4679,0.4451,0.4675,355399
2023-06-12 00:00:00+00:00,0.4473,0.45,0.4426,0.45,334258
2023-06-13 00:00:00+00:00,0.442,0.4543,0.442,0.45,209633
2023-06-14 00:00:00+00:00,0.443,0.4529,0.4401,0.4461,356781
2023-06-15 00:00:00+00:00,0.445,0.47,0.4406,0.442,280346
2023-06-16 00:00:00+00:00,0.4519,0.4597,0.449,0.4597,232738
2023-06-20 00:00:00+00:00,0.45,0.465,0.45,0.4519,206893
2023-06-21 00:00:00+00:00,0.4413,0.45,0.4401,0.45,192072
2023-06-22 00:00:00+00:00,0.4195,0.45,0.4161,0.4352,601147
2023-06-23 00:00:00+00:00,0.4102,0.427699,0.41,0.4199,235679
2023-06-26 00:00:00+00:00,0.41718,0.4261,0.406,0.4164,338562
2023-06-27 00:00:00+00:00,0.4209,0.4274,0.4101,0.4101,258525
2023-06-28 00:00:00+00:00,0.403,0.4161,0.403,0.4161,161472
2023-06-29 00:00:00+00:00,0.412,0.4124,0.4015,0.4027,243292
2023-06-30 00:00:00+00:00,0.443,0.4474,0.41,0.4103,395980
2023-07-03 00:00:00+00:00,0.4539,0.4599,0.448,0.45,258653
2023-07-05 00:00:00+00:00,0.44,0.4534,0.435201,0.4397,174224
2023-07-06 00:00:00+00:00,0.4359,0.4445,0.4281,0.4349,194062
2023-07-07 00:00:00+00:00,0.4278,0.448548,0.427,0.434,280582
2023-07-10 00:00:00+00:00,0.4313,0.441899,0.426,0.4275,131424
2023-07-11 00:00:00+00:00,0.4282,0.435,0.4218,0.4271,201617
2023-07-12 00:00:00+00:00,0.4515,0.4525,0.4224,0.43,405956
2023-07-13 00:00:00+00:00,0.4685,0.4699,0.447,0.46,239679
2023-07-14 00:00:00+00:00,0.465,0.4696,0.4603,0.4685,146857
2023-07-17 00:00:00+00:00,0.4522,0.4648,0.4445,0.445,589517
2023-07-18 00:00:00+00:00,0.4502,0.4551,0.445,0.45,360318
2023-07-19 00:00:00+00:00,0.4545,0.4588,0.451,0.4553,291679
2023-07-20 00:00:00+00:00,0.4494,0.4573,0.4454,0.4454,240466
2023-07-21 00:00:00+00:00,0.427699,0.4493,0.4251,0.4491,187041
2023-07-24 00:00:00+00:00,0.4123,0.4299,0.4101,0.4288,330196
2023-07-25 00:00:00+00:00,0.414799,0.419002,0.402,0.41,324567
2023-07-26 00:00:00+00:00,0.4105,0.424,0.41,0.42,292886
2023-07-27 00:00:00+00:00,0.4031,0.4148,0.401,0.4117,355474
2023-07-28 00:00:00+00:00,0.4011,0.406799,0.398,0.405,396044
2023-07-31 00:00:00+00:00,0.3927,0.405544,0.389,0.4,561104
2023-08-01 00:00:00+00:00,0.3926,0.399,0.3899,0.3947,292687
2023-08-02 00:00:00+00:00,0.386,0.398,0.385,0.3905,207248
2023-08-03 00:00:00+00:00,0.398,0.398,0.365,0.386,473717
2023-08-04 00:00:00+00:00,0.385,0.39,0.355,0.39,395095
2023-08-07 00:00:00+00:00,0.386,0.4,0.386,0.4,306584
2023-08-08 00:00:00+00:00,0.385,0.3932,0.355,0.386,485470
2023-08-09 00:00:00+00:00,0.3875,0.3899,0.3701,0.3825,329695
2023-08-10 00:00:00+00:00,0.3741,0.3947,0.364,0.39,883037
2023-08-11 00:00:00+00:00,0.37995,0.3899,0.37,0.37,201145
2023-08-14 00:00:00+00:00,0.416,0.4299,0.38,0.39,1278173
2023-08-15 00:00:00+00:00,0.4247,0.4248,0.411,0.416,672586
2023-08-16 00:00:00+00:00,0.4278,0.431,0.42,0.421,281331
2023-08-17 00:00:00+00:00,0.429,0.429,0.4123,0.4277,268617
2023-08-18 00:00:00+00:00,0.4,0.429,0.3977,0.429,338669
2023-08-21 00:00:00+00:00,0.399,0.4081,0.3825,0.4081,370535
2023-08-22 00:00:00+00:00,0.4041,0.4049,0.4,0.4001,66163
2023-08-23 00:00:00+00:00,0.4146,0.4215,0.4021,0.4056,256125
2023-08-24 00:00:00+00:00,0.4202,0.426,0.415,0.419,170107
2023-08-25 00:00:00+00:00,0.402,0.4223,0.402,0.4206,298770
2023-08-28 00:00:00+00:00,0.40979,0.4124,0.402,0.41,152495
2023-08-29 00:00:00+00:00,0.4064,0.4099,0.4003,0.405,141904
2023-08-30 00:00:00+00:00,0.3985,0.4082,0.394,0.4082,232572
2023-08-31 00:00:00+00:00,0.3916,0.4008,0.3901,0.4007,137354
2023-09-01 00:00:00+00:00,0.389,0.392,0.385,0.39,337086
2023-09-05 00:00:00+00:00,0.3814,0.3861,0.38,0.385,171052
2023-09-06 00:00:00+00:00,0.3887,0.3889,0.38,0.38,228929
2023-09-07 00:00:00+00:00,0.3882,0.39,0.3867,0.3897,213524
2023-09-08 00:00:00+00:00,0.3859,0.39,0.376,0.39,264053
2023-09-11 00:00:00+00:00,0.3831,0.3949,0.3831,0.3934,230749
2023-09-12 00:00:00+00:00,0.3868,0.3924,0.382,0.3831,184837
2023-09-13 00:00:00+00:00,0.395,0.395,0.3812,0.395,173725
2023-09-14 00:00:00+00:00,0.3975,0.3975,0.38589,0.389,113622
2023-09-15 00:00:00+00:00,0.4015,0.4048,0.3977,0.39845,194631
2023-09-18 00:00:00+00:00,0.394,0.4041,0.385,0.4041,285225
2023-09-19 00:00:00+00:00,0.389,0.3929,0.3875,0.3875,104898
2023-09-20 00:00:00+00:00,0.3934,0.3935,0.3876,0.389,149822
2023-09-21 00:00:00+00:00,0.3905,0.3921,0.3899,0.39,72737
2023-09-22 00:00:00+00:00,0.385,0.4039,0.385,0.39,236015
2023-09-25 00:00:00+00:00,0.3801,0.3912,0.3801,0.39,218867
2023-09-26 00:00:00+00:00,0.376,0.3914,0.3753,0.39,262759
2023-09-27 00:00:00+00:00,0.3624,0.3825,0.3607,0.3825,315951
2023-09-28 00:00:00+00:00,0.374,0.374,0.3601,0.37,404184
2023-09-29 00:00:00+00:00,0.366,0.372,0.362,0.372,230411
2023-10-02 00:00:00+00:00,0.36,0.366,0.3585,0.366,208787
2023-10-03 00:00:00+00:00,0.365,0.365,0.355,0.3599,387931
2023-10-04 00:00:00+00:00,0.3745,0.378,0.3644,0.365,322940
2023-10-05 00:00:00+00:00,0.4,0.4,0.3691,0.372,411331
2023-10-06 00:00:00+00:00,0.42,0.42,0.394,0.4,521562
2023-10-09 00:00:00+00:00,0.41,0.415201,0.3978,0.413,195918
2023-10-10 00:00:00+00:00,0.391,0.415,0.38,0.415,329536
2023-10-11 00:00:00+00:00,0.3932,0.3951,0.3877,0.39,285585
2023-10-12 00:00:00+00:00,0.3774,0.395,0.36,0.395,916337
2023-10-13 00:00:00+00:00,0.409,0.4096,0.3832,0.3832,456082
2023-10-16 00:00:00+00:00,0.4,0.4101,0.3952,0.41,166455
2023-10-17 00:00:00+00:00,0.4019,0.4123,0.3961,0.41,193637
2023-10-18 00:00:00+00:00,0.4118,0.4149,0.4019,0.41,305047
2023-10-19 00:00:00+00:00,0.4099,0.42,0.4005,0.42,178562
2023-10-20 00:00:00+00:00,0.412,0.419,0.412,0.412,195484
2023-10-23 00:00:00+00:00,0.41,0.42,0.41,0.42,446951
2023-10-24 00:00:00+00:00,0.398,0.41,0.3975,0.41,141948
2023-10-25 00:00:00+00:00,0.4018,0.409899,0.398101,0.404,174257
2023-10-26 00:00:00+00:00,0.4024,0.4025,0.396,0.396,219992
2023-10-27 00:00:00+00:00,0.4051,0.4159,0.390297,0.41,310123
2023-10-30 00:00:00+00:00,0.4014,0.415,0.395,0.406,181022
2023-10-31 00:00:00+00:00,0.3911,0.41,0.391,0.4003,119673
2023-11-01 00:00:00+00:00,0.3998,0.4049,0.3889,0.4,196280
2023-11-02 00:00:00+00:00,0.3918,0.3999,0.385,0.3974,142960
2023-11-03 00:00:00+00:00,0.4036,0.4036,0.39,0.39,299711
2023-11-06 00:00:00+00:00,0.3904,0.4033,0.3901,0.4033,90127
2023-11-07 00:00:00+00:00,0.3935,0.3989,0.39,0.39,131801
2023-11-08 00:00:00+00:00,0.395,0.4012,0.39,0.393,134316
2023-11-09 00:00:00+00:00,0.3911,0.402,0.3905,0.391,91996
2023-11-10 00:00:00+00:00,0.373,0.3918,0.373,0.39,198713
2023-11-13 00:00:00+00:00,0.3816,0.3869,0.37,0.37,117495
2023-11-14 00:00:00+00:00,0.3917,0.399,0.3747,0.38,194791
2023-11-15 00:00:00+00:00,0.3912,0.4001,0.39,0.4,80255
2023-11-16 00:00:00+00:00,0.3899,0.4,0.385,0.395,245559
2023-11-17 00:00:00+00:00,0.371,0.3904,0.37,0.385,302402
2023-11-20 00:00:00+00:00,0.3797,0.3824,0.3697,0.37,154997
2023-11-21 00:00:00+00:00,0.383,0.3862,0.373,0.378,204072
2023-11-22 00:00:00+00:00,0.3857,0.3862,0.383,0.384,131605
2023-11-24 00:00:00+00:00,0.3879,0.389,0.383,0.3862,171845
2023-11-27 00:00:00+00:00,0.3939,0.395,0.37,0.3811,410846
2023-11-28 00:00:00+00:00,0.404,0.42,0.395,0.395,601532
2023-11-29 00:00:00+00:00,0.4151,0.42,0.395,0.395,438093
2023-11-30 00:00:00+00:00,0.3978,0.4207,0.3972,0.42,1046525
2023-12-01 00:00:00+00:00,0.4087,0.4099,0.399297,0.4,273425
2023-12-04 00:00:00+00:00,0.3951,0.42,0.3951,0.42,730337
2023-12-05 00:00:00+00:00,0.3883,0.4079,0.3883,0.4,338198
2023-12-06 00:00:00+00:00,0.3971,0.4079,0.3901,0.397,209772
2023-12-07 00:00:00+00:00,0.3912,0.4009,0.383882,0.4,185955
2023-12-08 00:00:00+00:00,0.3852,0.3931,0.3802,0.3931,175791
2023-12-11 00:00:00+00:00,0.387,0.39,0.37,0.39,413101
2023-12-12 00:00:00+00:00,0.404811,0.405,0.375,0.3752,532759
2023-12-13 00:00:00+00:00,0.4089,0.41,0.395,0.41,354896
2023-12-14 00:00:00+00:00,0.4,0.414399,0.4,0.41,262443
2023-12-15 00:00:00+00:00,0.4005,0.40687,0.3905,0.406,152727
2023-12-18 00:00:00+00:00,0.3928,0.4142,0.3905,0.403,311160
2023-12-19 00:00:00+00:00,0.389,0.398,0.3803,0.3865,494826
2023-12-20 00:00:00+00:00,0.3926,0.4,0.375,0.39,283761
2023-12-21 00:00:00+00:00,0.3925,0.4,0.39,0.3972,144042
2023-12-22 00:00:00+00:00,0.3969,0.399,0.387,0.39,352553
2023-12-26 00:00:00+00:00,0.3927,0.399,0.3822,0.3975,295291
2023-12-27 00:00:00+00:00,0.3975,0.399,0.385259,0.3861,559413
2023-12-28 00:00:00+00:00,0.3891,0.395,0.385,0.385,201436
2023-12-29 00:00:00+00:00,0.38015,0.39,0.3801,0.39,399692
2024-01-02 00:00:00+00:00,0.38,0.38989,0.38,0.38,263961
2024-01-03 00:00:00+00:00,0.3696,0.3801,0.36,0.38,661988
2024-01-04 00:00:00+00:00,0.37,0.3775,0.366,0.37,398441
2024-01-05 00:00:00+00:00,0.367,0.3768,0.36,0.3626,192435
2024-01-08 00:00:00+00:00,0.3709,0.3742,0.3626,0.3626,132084
2024-01-09 00:00:00+00:00,0.3629,0.3709,0.36,0.3706,300230
2024-01-10 00:00:00+00:00,0.38,0.3804,0.36,0.365,384825
2024-01-11 00:00:00+00:00,0.3761,0.384,0.373,0.384,362509
2024-01-12 00:00:00+00:00,0.3817,0.388,0.3795,0.381,302969
2024-01-16 00:00:00+00:00,0.3629,0.380899,0.36,0.3752,337324
2024-01-17 00:00:00+00:00,0.364,0.3786,0.3612,0.3786,156565
2024-01-18 00:00:00+00:00,0.3601,0.381,0.36,0.381,206191
2024-01-19 00:00:00+00:00,0.362,0.378,0.35,0.36,401120
2024-01-22 00:00:00+00:00,0.345,0.366,0.3411,0.36,741527
2024-01-23 00:00:00+00:00,0.346,0.3549,0.3442,0.346,328584
2024-01-24 00:00:00+00:00,0.336,0.352,0.336,0.3469,234351
2024-01-25 00:00:00+00:00,0.3423,0.3489,0.34,0.34,167876
2024-01-26 00:00:00+00:00,0.3406,0.347,0.3367,0.347,180353
2024-01-29 00:00:00+00:00,0.34,0.3459,0.3363,0.34,200639
2024-01-30 00:00:00+00:00,0.337,0.339351,0.3339,0.3378,96198
2024-01-31 00:00:00+00:00,0.332,0.3449,0.331,0.3433,263879
2024-02-01 00:00:00+00:00,0.3334,0.344,0.331,0.333,259149
2024-02-02 00:00:00+00:00,0.3205,0.340101,0.3149,0.34,294395
2024-02-05 00:00:00+00:00,0.3281,0.3401,0.328,0.34,495743
2024-02-06 00:00:00+00:00,0.3265,0.3389,0.325,0.335,150733
2024-02-07 00:00:00+00:00,0.324,0.3339,0.32,0.3316,157661
2024-02-08 00:00:00+00:00,0.3182,0.325,0.3149,0.3204,286204
2024-02-09 00:00:00+00:00,0.349,0.35,0.3179,0.32,497359
2024-02-12 00:00:00+00:00,0.333,0.358801,0.331,0.3564,259915
2024-02-13 00:00:00+00:00,0.3314,0.37,0.3225,0.3309,366234
2024-02-14 00:00:00+00:00,0.3212,0.3355,0.3149,0.3315,302227
2024-02-15 00:00:00+00:00,0.334,0.3349,0.323705,0.33,90120
2024-02-16 00:00:00+00:00,0.3375,0.349999,0.327,0.34,272965
2024-02-20 00:00:00+00:00,0.336,0.344,0.331,0.335,97657
2024-02-21 00:00:00+00:00,0.3433,0.3443,0.3327,0.339,156822
2024-02-22 00:00:00+00:00,0.3347,0.347899,0.3305,0.335,215916
2024-02-23 00:00:00+00:00,0.333,0.339,0.33,0.332,141302
2024-02-26 00:00:00+00:00,0.32848,0.34,0.3269,0.33,156846
2024-02-27 00:00:00+00:00,0.3297,0.3348,0.3277,0.3286,136630
2024-02-28 00:00:00+00:00,0.3205,0.3349,0.3204,0.3339,165585
2024-02-29 00:00:00+00:00,0.3255,0.3366,0.32,0.325,264158
2024-03-01 00:00:00+00:00,0.3456,0.35,0.333,0.344,235347
2024-03-04 00:00:00+00:00,0.3489,0.3555,0.3451,0.35,312251
2024-03-05 00:00:00+00:00,0.348,0.3484,0.3351,0.342,190384
2024-03-06 00:00:00+00:00,0.3763,0.38,0.345,0.345,519075
2024-03-07 00:00:00+00:00,0.3725,0.381,0.3689,0.381,359713
2024-03-08 00:00:00+00:00,0.3899,0.39,0.375,0.381,265101
2024-03-11 00:00:00+00:00,0.4,0.4,0.38,0.39,477178
2024-03-12 00:00:00+00:00,0.387,0.3999,0.381,0.3999,377496
2024-03-13 00:00:00+00:00,0.399,0.399,0.3733,0.3818,238736
2024-03-14 00:00:00+00:00,0.3905,0.4,0.385,0.399,137923
2024-03-15 00:00:00+00:00,0.3905,0.397,0.385,0.3909,172223
2024-03-18 00:00:00+00:00,0.3899,0.396,0.3813,0.3909,198617
2024-03-19 00:00:00+00:00,0.3768,0.385,0.369,0.3829,100061
2024-03-20 00:00:00+00:00,0.3845,0.3858,0.3729,0.3729,115112
2024-03-21 00:00:00+00:00,0.395,0.3989,0.3812,0.3812,258388
2024-03-22 00:00:00+00:00,0.385,0.391,0.3828,0.391,102107
2024-03-25 00:00:00+00:00,0.371,0.3859,0.37,0.3859,205213
2024-03-26 00:00:00+00:00,0.3728,0.384,0.3658,0.38,268802
2024-03-27 00:00:00+00:00,0.3842,0.387,0.3666,0.382,260458
2024-03-28 00:00:00+00:00,0.3887,0.39,0.38,0.38,285501
2024-04-01 00:00:00+00:00,0.41,0.42,0.392,0.392,759880
2024-04-02 00:00:00+00:00,0.4371,0.4443,0.41,0.41,818512
2024-04-03 00:00:00+00:00,0.4579,0.4699,0.435949,0.44,751246
2024-04-04 00:00:00+00:00,0.44,0.4697,0.43,0.4598,497502
2024-04-05 00:00:00+00:00,0.459001,0.4698,0.43,0.43,525041
2024-04-08 00:00:00+00:00,0.4319,0.46,0.4195,0.459,797985
2024-04-09 00:00:00+00:00,0.4484,0.46,0.4386,0.4477,356659
2024-04-10 00:00:00+00:00,0.4469,0.4599,0.43,0.44,344473
2024-04-11 00:00:00+00:00,0.459,0.461,0.4347,0.436,444299
2024-04-12 00:00:00+00:00,0.415999,0.478,0.4,0.478,1119123
2024-04-15 00:00:00+00:00,0.4129,0.43,0.3937,0.43,1198117
2024-04-16 00:00:00+00:00,0.4701,0.48,0.411,0.4125,1015534
2024-04-17 00:00:00+00:00,0.4465,0.49,0.4412,0.49,962813
2024-04-18 00:00:00+00:00,0.46,0.467799,0.4465,0.4465,405212
2024-04-19 00:00:00+00:00,0.471,0.4799,0.456,0.4599,435729
2024-04-22 00:00:00+00:00,0.462,0.4692,0.45,0.46,295425
2024-04-23 00:00:00+00:00,0.4526,0.46015,0.45,0.46,272436
2024-04-24 00:00:00+00:00,0.4525,0.4589,0.45,0.45,160926
2024-04-25 00:00:00+00:00,0.4528,0.4599,0.45,0.45,183858
2024-04-26 00:00:00+00:00,0.46,0.4636,0.453,0.459,162288
2024-04-29 00:00:00+00:00,0.4604,0.4716,0.46,0.46,164420
2024-04-30 00:00:00+00:00,0.44,0.4605,0.44,0.4605,233243
2024-05-01 00:00:00+00:00,0.4442,0.4591,0.4404,0.4419,156592
2024-05-02 00:00:00+00:00,0.4503,0.4558,0.441,0.45,222121
2024-05-03 00:00:00+00:00,0.4449,0.458,0.4426,0.458,180056
2024-05-06 00:00:00+00:00,0.4525,0.455,0.441,0.4505,208419
2024-05-07 00:00:00+00:00,0.4501,0.4617,0.445,0.4565,286935
2024-05-08 00:00:00+00:00,0.4525,0.4597,0.445,0.45,167090
2024-05-09 00:00:00+00:00,0.4483,0.46,0.441,0.46,262789
2024-05-10 00:00:00+00:00,0.4548,0.4599,0.4412,0.456,278052
2024-05-13 00:00:00+00:00,0.4412,0.4548,0.4403,0.447,94731
2024-05-14 00:00:00+00:00,0.4528,0.457,0.44,0.44,211455
2024-05-15 00:00:00+00:00,0.4599,0.46,0.448,0.457,349381
2024-05-16 00:00:00+00:00,0.4548,0.46,0.4525,0.455,132233
2024-05-17 00:00:00+00:00,0.476,0.4762,0.4532,0.46,1016256
2024-05-20 00:00:00+00:00,0.4877,0.49,0.47,0.4777,644509
2024-05-21 00:00:00+00:00,0.478,0.49,0.4742,0.4879,215704
2024-05-22 00:00:00+00:00,0.452,0.475,0.4513,0.475,248256
2024-05-23 00:00:00+00:00,0.4432,0.4525,0.442,0.45,169936
2024-05-24 00:00:00+00:00,0.453,0.464,0.445,0.449,330560
2024-05-28 00:00:00+00:00,0.4795,0.48,0.4509,0.465,506575
2024-05-29 00:00:00+00:00,0.4666,0.48,0.466,0.48,219467
2024-05-30 00:00:00+00:00,0.4769,0.4799,0.4653,0.4683,191005
2024-05-31 00:00:00+00:00,0.482,0.4862,0.4721,0.478,513505
2024-06-03 00:00:00+00:00,0.4655,0.4824,0.46,0.482,184438
2024-06-04 00:00:00+00:00,0.445,0.4654,0.445,0.46,222150
2024-06-05 00:00:00+00:00,0.4462,0.45,0.44,0.45,253852
2024-06-06 00:00:00+00:00,0.4499,0.452,0.4404,0.45,265672
2024-06-07 00:00:00+00:00,0.4409,0.4534,0.44,0.4449,284452
2024-06-10 00:00:00+00:00,0.4188,0.4456,0.4152,0.441,435446
2024-06-11 00:00:00+00:00,0.4381,0.44,0.4151,0.4151,302927
2024-06-12 00:00:00+00:00,0.4282,0.4515,0.4267,0.441,265558
2024-06-13 00:00:00+00:00,0.4062,0.4394,0.4061,0.4282,378198
2024-06-14 00:00:00+00:00,0.4224,0.426899,0.4061,0.409,274045
2024-06-17 00:00:00+00:00,0.408,0.423,0.4001,0.423,408489
2024-06-18 00:00:00+00:00,0.414899,0.4189,0.4001,0.4001,381124
2024-06-20 00:00:00+00:00,0.4149,0.4192,0.4038,0.4077,230539
2024-06-21 00:00:00+00:00,0.3999,0.416,0.39795,0.4146,341652
2024-06-24 00:00:00+00:00,0.3962,0.415,0.3951,0.407,469370
2024-06-25 00:00:00+00:00,0.4,0.404,0.3951,0.3951,407048
2024-06-26 00:00:00+00:00,0.3973,0.405,0.3933,0.4032,486427
2024-06-27 00:00:00+00:00,0.3997,0.406,0.394,0.406,168699
2024-06-28 00:00:00+00:00,0.3938,0.402,0.388,0.4,204736
2024-07-01 00:00:00+00:00,0.3973,0.406,0.380601,0.4,360607
2024-07-02 00:00:00+00:00,0.3874,0.3998,0.3806,0.393,218937
2024-07-03 00:00:00+00:00,0.3927,0.396,0.3831,0.396,91890
2024-07-05 00:00:00+00:00,0.4041,0.4055,0.392,0.392,483668
2024-07-08 00:00:00+00:00,0.4095,0.41,0.3951,0.398,292533
2024-07-09 00:00:00+00:00,0.415,0.42,0.405,0.405,322440
2024-07-10 00:00:00+00:00,0.4349,0.4371,0.4,0.4,678091
2024-07-11 00:00:00+00:00,0.434,0.4483,0.4251,0.441,471618
2024-07-12 00:00:00+00:00,0.4364,0.4471,0.427,0.427,309079
2024-07-15 00:00:00+00:00,0.4184,0.4484,0.4175,0.44,357702
2024-07-16 00:00:00+00:00,0.4311,0.44741,0.42,0.4232,720034
2024-07-17 00:00:00+00:00,0.4291,0.4501,0.4291,0.45,290248
2024-07-18 00:00:00+00:00,0.414,0.435,0.411,0.4302,294157
2024-07-19 00:00:00+00:00,0.4155,0.4189,0.4028,0.4069,296585
2024-07-22 00:00:00+00:00,0.421,0.421,0.4114,0.4185,140042
2024-07-23 00:00:00+00:00,0.4183,0.4258,0.416,0.421,130799
2024-07-24 00:00:00+00:00,0.4167,0.425,0.4138,0.42,89686
2024-07-25 00:00:00+00:00,0.4161,0.4198,0.4051,0.4155,178824
2024-07-26 00:00:00+00:00,0.426,0.426,0.4151,0.42,170162
2024-07-29 00:00:00+00:00,0.41,0.4242,0.41,0.415,198918
2024-07-30 00:00:00+00:00,0.4113,0.4162,0.4095,0.416,168783
2024-07-31 00:00:00+00:00,0.424899,0.4283,0.409,0.4119,163572
2024-08-01 00:00:00+00:00,0.40675,0.4252,0.4051,0.4252,209144
2024-08-02 00:00:00+00:00,0.4087,0.425,0.4001,0.417,259126
2024-08-05 00:00:00+00:00,0.3984,0.4001,0.3701,0.38,473574
2024-08-06 00:00:00+00:00,0.3945,0.3984,0.39,0.391,168586
2024-08-07 00:00:00+00:00,0.3857,0.3998,0.3851,0.3901,141796
2024-08-08 00:00:00+00:00,0.3833,0.3949,0.3825,0.39,220112
2024-08-09 00:00:00+00:00,0.3841,0.3997,0.3825,0.3917,122982
2024-08-12 00:00:00+00:00,0.3924,0.4,0.39,0.4,175862
2024-08-13 00:00:00+00:00,0.4005,0.401,0.3924,0.396,148603
2024-08-14 00:00:00+00:00,0.3949,0.401,0.39,0.39,129163
2024-08-15 00:00:00+00:00,0.4011,0.405,0.39,0.396,140510
2024-08-16 00:00:00+00:00,0.3989,0.4174,0.3953,0.401,276001
2024-08-19 00:00:00+00:00,0.3878,0.409,0.378849,0.3953,676587
2024-08-20 00:00:00+00:00,0.3781,0.4015,0.3777,0.391,584264
2024-08-21 00:00:00+00:00,0.39995,0.4,0.3768,0.3768,501626
2024-08-22 00:00:00+00:00,0.392101,0.4,0.392,0.4,141151
2024-08-23 00:00:00+00:00,0.4048,0.407,0.392201,0.4,233875
2024-08-26 00:00:00+00:00,0.4,0.413,0.4,0.407,197392
2024-08-27 00:00:00+00:00,0.396299,0.4001,0.392,0.4,293462
2024-08-28 00:00:00+00:00,0.3927,0.3959,0.3876,0.39,155851
2024-08-29 00:00:00+00:00,0.3952,0.3986,0.3928,0.395,48159
2024-08-30 00:00:00+00:00,0.3901,0.399851,0.3851,0.3926,251878
2024-09-03 00:00:00+00:00,0.3809,0.39,0.3809,0.3822,221392
2024-09-04 00:00:00+00:00,0.382,0.3868,0.38,0.3801,248550
2024-09-05 00:00:00+00:00,0.3805,0.388,0.38,0.388,187407
2024-09-06 00:00:00+00:00,0.3783,0.3847,0.3702,0.3812,234777
2024-09-09 00:00:00+00:00,0.379146,0.38,0.375,0.375,169869
2024-09-10 00:00:00+00:00,0.3743,0.38,0.372,0.38,306720
2024-09-11 00:00:00+00:00,0.375,0.375,0.3725,0.3725,85024
2024-09-12 00:00:00+00:00,0.385,0.385,0.373,0.375,262163
2024-09-13 00:00:00+00:00,0.412,0.4273,0.38515,0.387,1036731
2024-09-16 00:00:00+00:00,0.4043,0.4242,0.402,0.412,361850
2024-09-17 00:00:00+00:00,0.412999,0.418,0.4031,0.41,425539
2024-09-18 00:00:00+00:00,0.401799,0.42,0.3957,0.417399,466485
2024-09-19 00:00:00+00:00,0.4145,0.4149,0.4021,0.4108,440404
2024-09-20 00:00:00+00:00,0.4114,0.415,0.4081,0.414,150049
2024-09-23 00:00:00+00:00,0.395,0.408499,0.39,0.4,272850
2024-09-24 00:00:00+00:00,0.406299,0.4065,0.3829,0.395,1138581
2024-09-25 00:00:00+00:00,0.3959,0.41,0.395,0.405,386670
2024-09-26 00:00:00+00:00,0.394,0.402,0.3927,0.402,378540
2024-09-27 00:00:00+00:00,0.3984,0.4046,0.395,0.3957,247115
2024-09-30 00:00:00+00:00,0.392,0.4,0.3901,0.3943,269344
2024-10-01 00:00:00+00:00,0.4044,0.409,0.3906,0.4,666116
2024-10-02 00:00:00+00:00,0.4089,0.4099,0.4002,0.4044,136356
2024-10-03 00:00:00+00:00,0.4051,0.41,0.4041,0.407,145307
2024-10-04 00:00:00+00:00,0.395,0.4099,0.3911,0.401,248303
2024-10-07 00:00:00+00:00,0.3901,0.3999,0.3858,0.395,214642
2024-10-08 00:00:00+00:00,0.39,0.394,0.3875,0.3901,282852
2024-10-09 00:00:00+00:00,0.3825,0.39,0.3774,0.39,463146
2024-10-10 00:00:00+00:00,0.3836,0.3884,0.378,0.3825,242675
2024-10-11 00:00:00+00:00,0.3971,0.402,0.3883,0.3919,416808
2024-10-14 00:00:00+00:00,0.3906,0.403,0.3895,0.397,468492
2024-10-15 00:00:00+00:00,0.395,0.395,0.3848,0.39,230919
2024-10-16 00:00:00+00:00,0.3954,0.4,0.39,0.3968,333982
2024-10-17 00:00:00+00:00,0.3951,0.4025,0.39,0.39,253373
2024-10-18 00:00:00+00:00,0.411,0.415,0.39,0.39,717378
2024-10-21 00:00:00+00:00,0.4101,0.4199,0.402,0.4112,565175
2024-10-22 00:00:00+00:00,0.41,0.42,0.405,0.42,549709
2024-10-23 00:00:00+00:00,0.3945,0.4144,0.3944,0.41,543158
2024-10-24 00:00:00+00:00,0.4074,0.4175,0.4017,0.415,937630
2024-10-25 00:00:00+00:00,0.417493,0.42,0.4001,0.4076,510363
2024-10-28 00:00:00+00:00,0.4026,0.421,0.391,0.42,644212
2024-10-29 00:00:00+00:00,0.4001,0.412399,0.4,0.41,213132
2024-10-30 00:00:00+00:00,0.403,0.41,0.3926,0.41,792570
2024-10-31 00:00:00+00:00,0.4047,0.405,0.396,0.4,379058
2024-11-01 00:00:00+00:00,0.39255,0.4062,0.3912,0.4,332525
2024-11-04 00:00:00+00:00,0.382,0.39645,0.382,0.39,601816
2024-11-05 00:00:00+00:00,0.3752,0.3897,0.3743,0.3839,441371
2024-11-06 00:00:00+00:00,0.3751,0.384,0.36,0.3702,456559
2024-11-07 00:00:00+00:00,0.3848,0.3885,0.375,0.3845,294350
2024-11-08 00:00:00+00:00,0.3723,0.3802,0.37,0.379,284369
2024-11-11 00:00:00+00:00,0.3623,0.3715,0.3535,0.37,766234
2024-11-12 00:00:00+00:00,0.368242,0.3778,0.364,0.368,527231
2024-11-13 00:00:00+00:00,0.3719,0.38,0.3697,0.38,267028
2024-11-14 00:00:00+00:00,0.3661,0.3749,0.3657,0.37,345784
2024-11-15 00:00:00+00:00,0.3599,0.377,0.3575,0.37,274322
2024-11-18 00:00:00+00:00,0.3626,0.3712,0.36,0.36,369237
2024-11-19 00:00:00+00:00,0.3575,0.361,0.3561,0.36,306289
2024-11-20 00:00:00+00:00,0.356,0.36,0.3557,0.36,302581
2024-11-21 00:00:00+00:00,0.3541,0.3595,0.35065,0.3558,483374
2024-11-22 00:00:00+00:00,0.3602,0.368,0.357,0.36,319136
2024-11-25 00:00:00+00:00,0.3508,0.3625,0.3501,0.357,439748
2024-11-26 00:00:00+00:00,0.3502,0.3525,0.3487,0.3517,423533
2024-11-27 00:00:00+00:00,0.3526,0.363699,0.3511,0.36,202093
2024-11-29 00:00:00+00:00,0.36,0.36,0.35,0.36,237950
2024-12-02 00:00:00+00:00,0.349,0.365,0.347,0.36,662208
2024-12-03 00:00:00+00:00,0.3507,0.354,0.3497,0.35,249957
2024-12-04 00:00:00+00:00,0.3636,0.365,0.35,0.35,499971
2024-12-05 00:00:00+00:00,0.3519,0.3733,0.351,0.37,520335
2024-12-06 00:00:00+00:00,0.35,0.37,0.35,0.37,304644
2024-12-09 00:00:00+00:00,0.35,0.3573,0.346,0.351,410500
2024-12-10 00:00:00+00:00,0.346,0.3534,0.339,0.35,480900
2024-12-11 00:00:00+00:00,0.355,0.355,0.3421,0.3437,288586
2024-12-12 00:00:00+00:00,0.343799,0.3541,0.34,0.35,1794723
2024-12-13 00:00:00+00:00,0.3354,0.35,0.3301,0.34,674732
2024-12-16 00:00:00+00:00,0.3304,0.34,0.3301,0.34,740237
2024-12-17 00:00:00+00:00,0.3313,0.3355,0.33,0.332,200798
2024-12-18 00:00:00+00:00,0.3151,0.3324,0.3111,0.33,527953
2024-12-19 00:00:00+00:00,0.3075,0.327249,0.305,0.321,512756
2024-12-20 00:00:00+00:00,0.2992,0.3182,0.2929,0.31,1189969
2024-12-23 00:00:00+00:00,0.2857,0.3,0.285,0.293,570170
2024-12-24 00:00:00+00:00,0.2945,0.2951,0.29,0.295,294541
2024-12-26 00:00:00+00:00,0.3041,0.3118,0.295,0.295,698762
2024-12-27 00:00:00+00:00,0.3026,0.31,0.2971,0.304,942333
2024-12-30 00:00:00+00:00,0.2996,0.306,0.2929,0.3015,631486
2024-12-31 00:00:00+00:00,0.307,0.31,0.297,0.304,519022
2025-01-02 00:00:00+00:00,0.315599,0.319999,0.307,0.3072,560132
2025-01-03 00:00:00+00:00,0.3203,0.3248,0.3103,0.32,468799
2025-01-06 00:00:00+00:00,0.3186,0.338,0.3101,0.33,476102
2025-01-07 00:00:00+00:00,0.3176,0.3235,0.3126,0.32,325939
2025-01-08 00:00:00+00:00,0.3349,0.336099,0.315101,0.3178,431212
2025-01-10 00:00:00+00:00,0.3372,0.352,0.3292,0.34,486768
2025-01-13 00:00:00+00:00,0.3308,0.35,0.33,0.35,279660
2025-01-14 00:00:00+00:00,0.33,0.34,0.328399,0.34,223202
2025-01-15 00:00:00+00:00,0.3155,0.3375,0.3121,0.3375,846778
2025-01-16 00:00:00+00:00,0.319,0.3301,0.3107,0.33,477416
2025-01-17 00:00:00+00:00,0.32,0.325,0.3133,0.3177,246985
2025-01-21 00:00:00+00:00,0.311,0.32,0.3108,0.32,452582
2025-01-22 00:00:00+00:00,0.32,0.32,0.3057,0.31,493531
2025-01-23 00:00:00+00:00,0.3097,0.32,0.3072,0.32,443665
2025-01-24 00:00:00+00:00,0.315999,0.3181,0.308,0.31,583086
2025-01-27 00:00:00+00:00,0.31205,0.32,0.307,0.307,438139
2025-01-28 00:00:00+00:00,0.304,0.311,0.3,0.311,335946
2025-01-29 00:00:00+00:00,0.3098,0.311,0.306,0.31,199706
2025-01-30 00:00:00+00:00,0.3152,0.3231,0.3077,0.31,501812
2025-01-31 00:00:00+00:00,0.3237,0.325,0.3128,0.3173,534843
2025-02-03 00:00:00+00:00,0.3239,0.34,0.32,0.33,671102
2025-02-04 00:00:00+00:00,0.337,0.34,0.331101,0.334,611253
2025-02-05 00:00:00+00:00,0.3249,0.3429,0.3222,0.34,467118
2025-02-06 00:00:00+00:00,0.3262,0.329,0.32,0.329,274619
2025-02-07 00:00:00+00:00,0.32105,0.3289,0.32,0.325,303106
2025-02-10 00:00:00+00:00,0.3221,0.33,0.322,0.33,249021
2025-02-11 00:00:00+00:00,0.3201,0.3299,0.32,0.32,379425
2025-02-12 00:00:00+00:00,0.3201,0.3249,0.3177,0.32,442221
2025-02-13 00:00:00+00:00,0.3224,0.33,0.3201,0.33,254765
2025-02-14 00:00:00+00:00,0.3162,0.3299,0.311,0.321,603255
2025-02-18 00:00:00+00:00,0.32,0.32,0.3118,0.313,427938
2025-02-19 00:00:00+00:00,0.32,0.323,0.3137,0.3166,269645
2025-02-20 00:00:00+00:00,0.3269,0.3299,0.3199,0.32,352108
2025-02-21 00:00:00+00:00,0.312,0.33,0.3104,0.33,308154
2025-02-24 00:00:00+00:00,0.309,0.32,0.3077,0.32,380440
2025-02-25 00:00:00+00:00,0.3015,0.31,0.3001,0.31,277094
2025-02-26 00:00:00+00:00,0.3037,0.307,0.2979,0.3,570826
2025-02-27 00:00:00+00:00,0.2929,0.3042,0.2929,0.3027,352087
2025-02-28 00:00:00+00:00,0.2894,0.2989,0.2887,0.2929,382085
2025-03-03 00:00:00+00:00,0.291,0.299,0.2887,0.29,502518
2025-03-04 00:00:00+00:00,0.294,0.3,0.2887,0.3,480878
2025-03-05 00:00:00+00:00,0.3026,0.306801,0.2929,0.294,388191
2025-03-06 00:00:00+00:00,0.304,0.3079,0.2991,0.3,344731
2025-03-07 00:00:00+00:00,0.3095,0.31,0.3,0.3,522106
2025-03-10 00:00:00+00:00,0.3,0.31,0.29,0.31,430402
2025-03-11 00:00:00+00:00,0.2973,0.3004,0.297,0.3,287195
2025-03-12 00:00:00+00:00,0.3002,0.3049,0.2974,0.3,364642
2025-03-13 00:00:00+00:00,0.3214,0.3256,0.2964,0.3,1057994
2025-03-14 00:00:00+00:00,0.32,0.3369,0.32,0.3233,523174
2025-03-17 00:00:00+00:00,0.3231,0.33,0.32,0.32,623697
2025-03-18 00:00:00+00:00,0.3274,0.34,0.3217,0.326,644651
2025-03-19 00:00:00+00:00,0.3255,0.33,0.32,0.33,538081
2025-03-20 00:00:00+00:00,0.32,0.3255,0.3122,0.3255,255651
2025-03-21 00:00:00+00:00,0.3161,0.3241,0.3157,0.32,277606
2025-03-24 00:00:00+00:00,0.317,0.325,0.3152,0.32,348029
2025-03-25 00:00:00+00:00,0.3141,0.3191,0.3139,0.3191,231753
2025-03-26 00:00:00+00:00,0.31415,0.3203,0.31,0.31,348157
2025-03-27 00:00:00+00:00,0.3174,0.32,0.313,0.313,209665
2025-03-28 00:00:00+00:00,0.3165,0.3275,0.3155,0.3155,270505
2025-03-31 00:00:00+00:00,0.311,0.323,0.3101,0.318,543619
2025-04-01 00:00:00+00:00,0.302,0.315,0.3013,0.313,280731
2025-04-02 00:00:00+00:00,0.3018,0.31,0.3001,0.31,225299
2025-04-03 00:00:00+00:00,0.3073,0.31,0.302,0.302,333099
2025-04-04 00:00:00+00:00,0.2848,0.31,0.2832,0.31,499585
2025-04-07 00:00:00+00:00,0.280064,0.2889,0.2719,0.28,544960
2025-04-08 00:00:00+00:00,0.2739,0.294,0.2717,0.29,435640
2025-04-09 00:00:00+00:00,0.28,0.29,0.2651,0.2747,763477
2025-04-10 00:00:00+00:00,0.269,0.3,0.2652,0.28,1446486
2025-04-11 00:00:00+00:00,0.299999,0.305,0.28,0.295,899410
2025-04-14 00:00:00+00:00,0.3077,0.31,0.3011,0.31,731869
2025-04-15 00:00:00+00:00,0.3499,0.3589,0.3099,0.31,2589904
2025-04-16 00:00:00+00:00,0.335049,0.36,0.3151,0.36,1739423
2025-04-17 00:00:00+00:00,0.33,0.35,0.32,0.338,823883
2025-04-21 00:00:00+00:00,0.3301,0.3524,0.3297,0.34,826699
2025-04-22 00:00:00+00:00,0.327599,0.3351,0.3214,0.33,584648
2025-04-23 00:00:00+00:00,0.324,0.3401,0.3155,0.34,651731
2025-04-24 00:00:00+00:00,0.3296,0.33,0.317501,0.33,316291
2025-04-25 00:00:00+00:00,0.3232,0.34,0.3232,0.33,437992
2025-04-28 00:00:00+00:00,0.3217,0.335,0.3073,0.325,781893
2025-04-29 00:00:00+00:00,0.315,0.3251,0.3006,0.325,273448
2025-04-30 00:00:00+00:00,0.3176,0.324,0.3129,0.32,309100
2025-05-01 00:00:00+00:00,0.3141,0.332,0.311,0.3243,321112
2025-05-02 00:00:00+00:00,0.3025,0.3186,0.2973,0.3186,835577
2025-05-05 00:00:00+00:00,0.304,0.309899,0.2994,0.3005,362927
2025-05-06 00:00:00+00:00,0.3191,0.3199,0.31,0.319,469724
2025-05-07 00:00:00+00:00,0.316,0.32,0.3123,0.3175,184041
2025-05-08 00:00:00+00:00,0.3109,0.32,0.307199,0.3141,250087
2025-05-09 00:00:00+00:00,0.3195,0.3202,0.3109,0.3202,613613
2025-05-12 00:00:00+00:00,0.3081,0.3199,0.3077,0.3199,299876
2025-05-13 00:00:00+00:00,0.3152,0.3167,0.3091,0.31,442853
2025-05-14 00:00:00+00:00,0.3098,0.3177,0.307,0.31,208560
2025-05-15 00:00:00+00:00,0.3074,0.315,0.3032,0.315,370680
2025-05-16 00:00:00+00:00,0.3037,0.3069,0.3,0.3,206149
2025-05-19 00:00:00+00:00,0.3043,0.3194,0.301,0.31,169709
2025-05-20 00:00:00+00:00,0.3043,0.31,0.3025,0.3025,490293
2025-05-21 00:00:00+00:00,0.3126,0.314,0.3022,0.3025,398852
2025-05-22 00:00:00+00:00,0.3114,0.314,0.31,0.31,158977
2025-05-23 00:00:00+00:00,0.3183,0.32,0.3104,0.315,331913
2025-05-27 00:00:00+00:00,0.3298,0.329999,0.315,0.32,395630
2025-05-28 00:00:00+00:00,0.3386,0.34,0.321,0.3329,371093
2025-05-29 00:00:00+00:00,0.335,0.345,0.3304,0.34,316329
2025-05-30 00:00:00+00:00,0.3289,0.3328,0.325,0.33,199129
2025-06-02 00:00:00+00:00,0.347,0.347,0.3291,0.34,917201
2025-06-03 00:00:00+00:00,0.3366,0.35,0.33,0.35,433498
2025-06-04 00:00:00+00:00,0.3364,0.345,0.3326,0.335,229073
2025-06-05 00:00:00+00:00,0.3457,0.354,0.34,0.34,627222
2025-06-06 00:00:00+00:00,0.3385,0.353,0.336,0.35,463439
2025-06-09 00:00:00+00:00,0.3436,0.3499,0.33865,0.3392,452582
2025-06-10 00:00:00+00:00,0.3435,0.35,0.3391,0.35,378434
2025-06-11 00:00:00+00:00,0.3388,0.3433,0.336,0.3405,252690
2025-06-12 00:00:00+00:00,0.3396,0.349,0.3361,0.34,562055
2025-06-13 00:00:00+00:00,0.34,0.35,0.3361,0.35,442409
2025-06-16 00:00:00+00:00,0.3418,0.348,0.3401,0.348,190432
2025-06-17 00:00:00+00:00,0.34,0.344,0.3362,0.3437,493378
2025-06-18 00:00:00+00:00,0.3389,0.34,0.3361,0.3362,247638
2025-06-20 00:00:00+00:00,0.334,0.344799,0.334,0.34,369389
2025-06-23 00:00:00+00:00,0.3539,0.3597,0.335,0.34,886513
2025-06-24 00:00:00+00:00,0.3364,0.3429,0.335,0.336,428611
2025-06-25 00:00:00+00:00,0.3286,0.3379,0.3278,0.3325,644372
2025-06-26 00:00:00+00:00,0.33,0.3397,0.3288,0.33,412541
2025-06-27 00:00:00+00:00,0.324,0.334,0.3202,0.325,333333
2025-06-30 00:00:00+00:00,0.335,0.3369,0.321,0.3235,354561
2025-07-01 00:00:00+00:00,0.334,0.336934,0.3246,0.3314,171958
2025-07-02 00:00:00+00:00,0.3285,0.3339,0.3251,0.33,275401
2025-07-03 00:00:00+00:00,0.3325,0.3367,0.326,0.327,206167
2025-07-07 00:00:00+00:00,0.3421,0.3448,0.335,0.335,413238
2025-07-08 00:00:00+00:00,0.333,0.3474,0.3325,0.3469,297954
2025-07-09 00:00:00+00:00,0.3339,0.337,0.3251,0.3251,344770
2025-07-10 00:00:00+00:00,0.336201,0.3378,0.3275,0.334,388301
2025-07-11 00:00:00+00:00,0.3401,0.345,0.335,0.3399,647718
2025-07-14 00:00:00+00:00,0.339,0.345999,0.331,0.3429,1265687
2025-07-15 00:00:00+00:00,0.339499,0.35,0.33,0.3424,664674
2025-07-16 00:00:00+00:00,0.344,0.349,0.3338,0.349,502809
2025-07-17 00:00:00+00:00,0.3448,0.349,0.3386,0.349,565452
2025-07-18 00:00:00+00:00,0.3373,0.343,0.33,0.343,553789
2025-07-21 00:00:00+00:00,0.36,0.36,0.3341,0.3373,1122148
2025-07-22 00:00:00+00:00,0.375,0.375,0.36,0.36,1376635
2025-07-23 00:00:00+00:00,0.3732,0.375,0.3622,0.375,605174
2025-07-24 00:00:00+00:00,0.3809,0.3813,0.3686,0.37,909620
2025-07-25 00:00:00+00:00,0.3635,0.3809,0.335,0.3809,922332
2025-07-28 00:00:00+00:00,0.3513,0.369,0.3472,0.369,431323
2025-07-29 00:00:00+00:00,0.3466,0.355,0.345,0.355,403375
2025-07-30 00:00:00+00:00,0.3446,0.3523,0.34,0.3466,430874
2025-07-31 00:00:00+00:00,0.351975,0.3568,0.3411,0.35,592594
2025-08-01 00:00:00+00:00,0.3494,0.3524,0.3421,0.3524,324098
2025-08-04 00:00:00+00:00,0.352,0.357,0.3387,0.35,529607
2025-08-05 00:00:00+00:00,0.3486,0.3591,0.344,0.3533,383748
2025-08-06 00:00:00+00:00,0.3528,0.3544,0.3478,0.3504,459440
2025-08-07 00:00:00+00:00,0.3636,0.3644,0.3593,0.36,631485
2025-08-08 00:00:00+00:00,0.37003,0.375,0.3649,0.3682,481923
2025-08-11 00:00:00+00:00,0.3735,0.3797,0.3607,0.37,403564
2025-08-12 00:00:00+00:00,0.369,0.3782,0.3597,0.376,957019
2025-08-13 00:00:00+00:00,0.3575,0.37149,0.35,0.365,723808
2025-08-14 00:00:00+00:00,0.3581,0.3634,0.351,0.36,493713
2025-08-15 00:00:00+00:00,0.3531,0.3602,0.35,0.3567,493581
2025-08-18 00:00:00+00:00,0.3534,0.3757,0.3488,0.3757,358194
2025-08-19 00:00:00+00:00,0.3426,0.36,0.3401,0.358,326030
2025-08-20 00:00:00+00:00,0.3352,0.35,0.325,0.3435,771319
2025-08-21 00:00:00+00:00,0.3403,0.347,0.335,0.3366,330022
2025-08-22 00:00:00+00:00,0.3477,0.36,0.34,0.34,776680
2025-08-25 00:00:00+00:00,0.3485,0.36,0.34,0.36,758212
2025-08-26 00:00:00+00:00,0.3501,0.3548,0.345,0.345,343291
2025-08-27 00:00:00+00:00,0.3568,0.35955,0.3502,0.3575,566407
2025-08-28 00:00:00+00:00,0.3573,0.361,0.352,0.357,521572
2025-08-29 00:00:00+00:00,0.37,0.371,0.35251,0.3605,721342
2025-09-02 00:00:00+00:00,0.3871,0.388,0.3706,0.375,1533732
2025-09-03 00:00:00+00:00,0.4076,0.4168,0.38,0.3804,2298809
2025-09-04 00:00:00+00:00,0.4021,0.41,0.3901,0.41,889008
2025-09-05 00:00:00+00:00,0.4047,0.4114,0.393,0.4114,855428
2025-09-08 00:00:00+00:00,0.4569,0.4661,0.41,0.41,4107715
2025-09-09 00:00:00+00:00,0.4478,0.4691,0.4343,0.4675,1995372
2025-09-10 00:00:00+00:00,0.4498,0.4652,0.4372,0.4508,1693655
2025-09-11 00:00:00+00:00,0.4617,0.46495,0.446,0.4499,1358262
2025-09-12 00:00:00+00:00,0.509999,0.51,0.4512,0.4679,2359536
2025-09-15 00:00:00+00:00,0.5322,0.5448,0.52,0.53,2800605
2025-09-16 00:00:00+00:00,0.5224,0.55,0.51,0.55,1397155
2025-09-17 00:00:00+00:00,0.5187,0.5294,0.5103,0.52,833319
2025-09-18 00:00:00+00:00,0.5121,0.5371,0.505,0.5354,1343540
2025-09-19 00:00:00+00:00,0.5449,0.558,0.515,0.5192,1365673
2025-09-22 00:00:00+00:00,0.6089,0.61,0.5581,0.56,2828051
2025-09-23 00:00:00+00:00,0.5999,0.64,0.5839,0.64,2406610
2025-09-24 00:00:00+00:00,0.5999,0.615999,0.581,0.6,1239733
2025-09-25 00:00:00+00:00,0.56215,0.6016,0.555101,0.6016,1935107
2025-09-26 00:00:00+00:00,0.59,0.61,0.5708,0.5882,1940069
2025-09-29 00:00:00+00:00,0.625,0.6289,0.6001,0.62,1598398
2025-09-30 00:00:00+00:00,0.6239,0.6287,0.6039,0.625,840450
2025-10-01 00:00:00+00:00,0.6249,0.632799,0.612,0.6289,766311
2025-10-02 00:00:00+00:00,0.6171,0.63,0.565,0.63,1557051
2025-10-03 00:00:00+00:00,0.632,0.6339,0.61,0.6186,1025312
2025-10-06 00:00:00+00:00,0.6337,0.645,0.62,0.64,1197735
2025-10-07 00:00:00+00:00,0.6185,0.641,0.6156,0.64,779518
2025-10-08 00:00:00+00:00,0.7854,0.8093,0.693,0.75,27798171
2025-10-09 00:00:00+00:00,0.7796,0.7979,0.718,0.7854,5299293
2025-10-10 00:00:00+00:00,0.809,0.8249,0.7633,0.7892,4724023
2025-10-13 00:00:00+00:00,0.756,0.8414,0.72,0.83,3895398
2025-10-14 00:00:00+00:00,0.825,0.845,0.77,0.7802,4192389
2025-10-15 00:00:00+00:00,0.8303,0.841,0.8,0.84,2347906
2025-10-16 00:00:00+00:00,0.7956,0.83,0.77,0.8258,2582275
2025-10-17 00:00:00+00:00,0.7238,0.79,0.7061,0.79,4026580
2025-10-20 00:00:00+00:00,0.7764,0.7852,0.74,0.7555,1820276
2025-10-21 00:00:00+00:00,0.7068,0.735,0.6801,0.7341,2195904
2025-10-22 00:00:00+00:00,0.695,0.7295,0.666,0.68,2021171
2025-10-23 00:00:00+00:00,0.7032,0.73,0.6965,0.6967,1042990
2025-10-24 00:00:00+00:00,0.694,0.722,0.678,0.6961,1694470
2025-10-27 00:00:00+00:00,0.658,0.6828,0.62,0.68,3113544
2025-10-28 00:00:00+00:00,0.6756,0.68,0.631,0.6343,948394
2025-10-29 00:00:00+00:00,0.6428,0.685,0.6428,0.6792,959885
2025-10-30 00:00:00+00:00,0.6363,0.6573,0.6311,0.6414,905165
2025-10-31 00:00:00+00:00,0.6252,0.6376,0.6151,0.63,947605
2025-11-03 00:00:00+00:00,0.5898,0.621,0.5751,0.62,1739052
2025-11-04 00:00:00+00:00,0.5401,0.5855,0.54,0.5741,1299329
2025-11-05 00:00:00+00:00,0.5952,0.6399,0.5524,0.5524,1524806
2025-11-06 00:00:00+00:00,0.57,0.613,0.57,0.6091,763179
2025-11-07 00:00:00+00:00,0.5959,0.603699,0.5656,0.57,960630
2025-11-10 00:00:00+00:00,0.6241,0.6348,0.611,0.611,971312
2025-11-11 00:00:00+00:00,0.6201,0.63,0.6055,0.63,506480
2025-11-12 00:00:00+00:00,0.6915,0.6987,0.6028,0.6056,2239130
2025-11-13 00:00:00+00:00,0.6739,0.6999,0.65,0.6928,936856
2025-11-14 00:00:00+00:00,0.6547,0.6599,0.63,0.64,736354
2025-11-17 00:00:00+00:00,0.6203,0.6619,0.6203,0.6619,811039
2025-11-18 00:00:00+00:00,0.627,0.6456,0.6106,0.624,541953
2025-11-19 00:00:00+00:00,0.6655,0.67,0.627,0.6436,1255613
2025-11-20 00:00:00+00:00,0.6148,0.6743,0.606,0.6743,1056933
2025-11-21 00:00:00+00:00,0.6246,0.6677,0.6,0.6,1076636
2025-11-24 00:00:00+00:00,0.6608,0.6664,0.63,0.6372,767636
2025-11-25 00:00:00+00:00,0.6988,0.6999,0.6321,0.637,868400
2025-11-26 00:00:00+00:00,0.705,0.7174,0.6949,0.7,899956
2025-11-28 00:00:00+00:00,0.7399,0.7399,0.71,0.7175,1172849
2025-12-01 00:00:00+00:00,0.75,0.75,0.7122,0.72,1405520
2025-12-02 00:00:00+00:00,0.7215,0.7476,0.7,0.7476,1073592
2025-12-03 00:00:00+00:00,0.7253,0.7389,0.706,0.7075,1483124
2025-12-04 00:00:00+00:00,0.76,0.761,0.7195,0.74,1592719
2025-12-05 00:00:00+00:00,0.8088,0.82276,0.7627,0.7788,3260195
2025-12-08 00:00:00+00:00,0.83,0.8873,0.7954,0.8195,3673898
2025-12-09 00:00:00+00:00,0.8459,0.8459,0.8019,0.8358,1119766
2025-12-10 00:00:00+00:00,0.8668,0.8668,0.817,0.853,1291096
2025-12-11 00:00:00+00:00,0.8789,0.88,0.8415,0.8534,2129928
2025-12-12 00:00:00+00:00,0.8708,0.8873,0.8235,0.8873,1950407
2025-12-15 00:00:00+00:00,0.9,0.9,0.8602,0.89,2279044
2025-12-16 00:00:00+00:00,0.8818,0.9,0.8515,0.9,1614232
2025-12-17 00:00:00+00:00,0.8632,0.8838,0.8441,0.8838,999053
2025-12-18 00:00:00+00:00,0.857,0.899,0.8401,0.8632,1403291
2025-12-19 00:00:00+00:00,0.91,0.91,0.8554,0.8554,1371631
2025-12-22 00:00:00+00:00,0.95,0.969,0.9201,0.93,2767113
2025-12-23 00:00:00+00:00,0.9532,0.97,0.927,0.95,1616380
2025-12-24 00:00:00+00:00,0.9477,0.965,0.9132,0.965,916836
2025-12-26 00:00:00+00:00,1.0,1.02,0.94,0.95,2161696
2025-12-29 00:00:00+00:00,0.9242,0.9915,0.91,0.98,2636854
2025-12-30 00:00:00+00:00,0.9436,0.97,0.9301,0.9514,1200202
2025-12-31 00:00:00+00:00,0.9209,0.95,0.906,0.9438,1376657
2026-01-02 00:00:00+00:00,0.8999,0.93,0.86705,0.93,1474226
2026-01-05 00:00:00+00:00,0.8866,0.955,0.87,0.92,2264830
2026-01-06 00:00:00+00:00,0.87,0.89,0.87,0.88,1267002
2026-01-07 00:00:00+00:00,0.915,0.915,0.8439,0.87,1351091
2026-01-08 00:00:00+00:00,0.91,0.92,0.8702,0.9072,856859
2026-01-09 00:00:00+00:00,0.9,0.925,0.8971,0.9101,1214094
2026-01-12 00:00:00+00:00,0.96,0.9774,0.9297,0.93,2948933
2026-01-13 00:00:00+00:00,0.94,0.9871,0.9239,0.9871,1659060
2026-01-14 00:00:00+00:00,0.92,0.95,0.91,0.94,1601266
2026-01-15 00:00:00+00:00,0.9998,1.01,0.901,0.9248,6207956
2026-01-16 00:00:00+00:00,0.96,1.01,0.930101,1.01,3072890
2026-01-20 00:00:00+00:00,0.9925,1.04,0.98,1.0,3768857
2026-01-21 00:00:00+00:00,0.9454,1.01,0.9162,1.01,4094154
2026-01-22 00:00:00+00:00,1.01,1.01,0.92,0.95,2909130
2026-01-23 00:00:00+00:00,1.14,1.14,1.0,1.02,5517925
2026-01-26 00:00:00+00:00,1.39,1.47,1.2,1.24,26666637
2026-01-27 00:00:00+00:00,1.52,1.525,1.32,1.46,14598225
2026-01-28 00:00:00+00:00,1.93,1.94,1.68,1.77,29523724
2026-01-29 00:00:00+00:00,2.18,2.8,1.965,2.4,63839531
2026-01-30 00:00:00+00:00,1.63,2.0,1.545,1.88,25445668
2026-02-02 00:00:00+00:00,1.64,1.79,1.45,1.52,23469981
2026-02-03 00:00:00+00:00,1.7,1.77,1.6,1.765,12931116
2026-02-04 00:00:00+00:00,1.62,1.76,1.53,1.76,8264609
2026-02-05 00:00:00+00:00,1.44,1.59,1.42,1.51,5977710
2026-02-06 00:00:00+00:00,1.59,1.63,1.465,1.47,6325227
2026-02-09 00:00:00+00:00,1.83,1.865,1.56,1.63,11543124
2026-02-10 00:00:00+00:00,1.77,1.86,1.73,1.82,6130157
2026-02-11 00:00:00+00:00,1.73,1.8399,1.65,1.83,5046000
2026-02-12 00:00:00+00:00,1.57,1.7,1.56,1.69,5106698
2026-02-13 00:00:00+00:00,1.73,1.74,1.59,1.6,6667470
2026-02-17 00:00:00+00:00,1.64,1.685,1.57,1.61,5537109
2026-02-18 00:00:00+00:00,1.72,1.78,1.6645,1.67,5648161
2026-02-19 00:00:00+00:00,1.76,1.8,1.68,1.71,5432747
2026-02-20 00:00:00+00:00,1.79,1.83,1.69,1.77,5092198
2026-02-23 00:00:00+00:00,1.83,1.9193,1.7901,1.82,7765655
2026-02-24 00:00:00+00:00,1.89,1.89,1.75,1.79,5087373
2026-02-25 00:00:00+00:00,1.82,1.95,1.8,1.9,6256334
2026-02-26 00:00:00+00:00,1.83,1.85,1.74,1.8,4054313
2026-02-27 00:00:00+00:00,1.81,1.87,1.76,1.83,4986001
2026-03-02 00:00:00+00:00,1.97,2.02,1.82,1.92,10183647
2026-03-03 00:00:00+00:00,1.75,1.89,1.72,1.88,7436123
2026-03-04 00:00:00+00:00,1.76,1.81,1.69,1.8,4854653
2026-03-05 00:00:00+00:00,1.7,1.735,1.64,1.73,4415582
2026-03-06 00:00:00+00:00,1.65,1.76,1.64,1.64,4089874
2026-03-09 00:00:00+00:00,1.79,1.8376,1.56,1.58,8101291
2026-03-10 00:00:00+00:00,1.87,1.98,1.8,1.8,7588260
2026-03-11 00:00:00+00:00,1.83,1.88,1.78,1.85,4343394
2026-03-12 00:00:00+00:00,1.74,1.82,1.715,1.82,3717233
2026-03-13 00:00:00+00:00,1.6,1.74,1.59,1.72,4614246
2026-03-16 00:00:00+00:00,1.61,1.66,1.59,1.6,3895696
2026-03-17 00:00:00+00:00,1.6,1.65,1.55,1.61,3164811
2026-03-18 00:00:00+00:00,1.49,1.5561,1.46,1.55,4710024
2026-03-19 00:00:00+00:00,1.38,1.4,1.31,1.37,5972744
2026-03-20 00:00:00+00:00,1.28,1.42,1.26,1.41,3650530
2026-03-23 00:00:00+00:00,1.33,1.36,1.24,1.25,4701955
2026-03-24 00:00:00+00:00,1.32,1.34,1.27,1.29,2558567
2026-03-25 00:00:00+00:00,1.36,1.44,1.335,1.42,4367611
2026-03-26 00:00:00+00:00,1.26,1.34,1.255,1.33,3459514
2026-03-27 00:00:00+00:00,1.32,1.34,1.255,1.26,2876584
2026-03-30 00:00:00+00:00,1.26,1.35,1.23,1.35,2612266
2026-03-31 00:00:00+00:00,1.5,1.51,1.27,1.3,8215279
2026-04-01 00:00:00+00:00,1.53,1.6299,1.51,1.55,6128591
2026-04-02 00:00:00+00:00,1.5,1.55,1.37,1.39,2936193
2026-04-06 00:00:00+00:00,1.55,1.6,1.5,1.5,3161193
2026-04-07 00:00:00+00:00,1.53,1.56,1.48,1.53,3314564
2026-04-08 00:00:00+00:00,1.58,1.6899,1.54,1.65,6368110
2026-04-09 00:00:00+00:00,1.56,1.6,1.52,1.57,3281197
2026-04-10 00:00:00+00:00,1.54,1.57,1.495,1.55,3172412
2026-04-13 00:00:00+00:00,1.57,1.57,1.48,1.5,3112625
2026-04-14 00:00:00+00:00,1.57,1.6,1.55,1.58,3547058
2026-04-15 00:00:00+00:00,1.46,1.58,1.45,1.56,4602745
2026-04-16 00:00:00+00:00,1.4,1.49,1.39,1.47,5129393
2026-04-17 00:00:00+00:00,1.45,1.54,1.43,1.46,4621756
2026-04-20 00:00:00+00:00,1.4,1.45,1.38,1.43,3908902
2026-04-21 00:00:00+00:00,1.3,1.39,1.28,1.39,5594549
2026-04-22 00:00:00+00:00,1.29,1.35,1.28,1.34,3115820
2026-04-23 00:00:00+00:00,1.24,1.29,1.21,1.26,3558250
2026-04-24 00:00:00+00:00,1.24,1.27,1.225,1.26,2060982
2026-04-27 00:00:00+00:00,1.15,1.24,1.15,1.22,5098541
2026-04-28 00:00:00+00:00,1.13,1.15,1.09,1.1,5060787
2026-04-29 00:00:00+00:00,1.09,1.13,1.06,1.13,4581995
2026-04-30 00:00:00+00:00,1.09,1.15,1.06,1.12,4164099
2026-05-01 00:00:00+00:00,1.14,1.19,1.0804,1.1,3993324
2026-05-04 00:00:00+00:00,1.11,1.18,1.11,1.13,2821769
2026-05-05 00:00:00+00:00,1.12,1.16,1.11,1.15,2403112
2026-05-06 00:00:00+00:00,1.24,1.26,1.17,1.17,4334188
2026-05-07 00:00:00+00:00,1.23,1.34,1.23,1.28,4698308
2026-05-08 00:00:00+00:00,1.26,1.3,1.23,1.26,2930508
2026-05-11 00:00:00+00:00,1.28,1.3427,1.24,1.24,4758523
2026-05-12 00:00:00+00:00,1.3,1.32,1.23,1.26,2450107
2026-05-13 00:00:00+00:00,1.26,1.3,1.24,1.29,2161631
2026-05-14 00:00:00+00:00,1.2,1.27,1.2,1.27,2225178
2026-05-15 00:00:00+00:00,1.13,1.15,1.11,1.15,3238383
2026-05-18 00:00:00+00:00,1.11,1.16,1.09,1.16,2307214
2026-05-19 00:00:00+00:00,1.07,1.1,1.06,1.08,2788454
2026-05-20 00:00:00+00:00,1.09,1.11,1.0501,1.08,1790379
2026-05-21 00:00:00+00:00,1.1,1.13,1.07,1.08,1764652
2026-05-22 00:00:00+00:00,1.09,1.11,1.07,1.09,1805685
2026-05-26 00:00:00+00:00,1.1,1.14,1.07,1.07,2639120
2026-05-27 00:00:00+00:00,1.07,1.09,1.06,1.07,2169094
2026-05-28 00:00:00+00:00,1.1,1.13,1.04,1.05,3076577
2026-05-29 00:00:00+00:00,1.15,1.16,1.09,1.13,3541623
2026-06-01 00:00:00+00:00,1.13,1.14,1.08,1.12,2874306
2026-06-02 00:00:00+00:00,1.13,1.16,1.12,1.14,1691521
2026-06-03 00:00:00+00:00,1.07,1.12,1.06,1.12,2181080
2026-06-04 00:00:00+00:00,1.05,1.11,1.05,1.09,2488065
2026-06-05 00:00:00+00:00,0.96,1.06,0.96,1.06,4338229
2026-06-08 00:00:00+00:00,0.9253,0.9899,0.9146,0.953,2598317
2026-06-09 00:00:00+00:00,0.93,0.97,0.870501,0.9331,2249421
2026-06-10 00:00:00+00:00,0.8601,0.91,0.86,0.88,1690360
2026-06-11 00:00:00+00:00,0.922,0.9341,0.8501,0.8517,2362298
2026-06-12 00:00:00+00:00,0.9293,0.945,0.9,0.9,1489304
2026-06-15 00:00:00+00:00,0.971,1.03,0.97,0.97,2220841
2026-06-16 00:00:00+00:00,0.9869,1.02,0.97,0.9753,1617664
2026-06-17 00:00:00+00:00,0.9251,1.02,0.925,0.975,1962646
