date,Close,High,Low,Open,Volume
2022-01-03 00:00:00+00:00,11.6855527284,11.6952502825,11.5691820788,11.6467625119,1000
2022-01-04 00:00:00+00:00,11.7825282697,11.7922258239,11.4916016458,11.5497869706,7315
2022-01-05 00:00:00+00:00,11.7631331615,11.8310160404,11.7049478367,11.7728307156,9075
2022-01-06 00:00:00+00:00,11.8310160404,11.8990103854,11.8310160404,11.8892969076,6904
2022-01-07 00:00:00+00:00,11.7339783965,11.8795834297,11.7339783965,11.8795834297,4878
2022-01-10 00:00:00+00:00,11.5978925716,11.6853138724,11.5948813935,11.6853138724,3827
2022-01-11 00:00:00+00:00,11.6076060495,11.7338812617,11.5493251823,11.5493251823,16857
2022-01-12 00:00:00+00:00,11.8018756068,11.8504429961,11.6464599609,11.6464599609,20418
2022-01-13 00:00:00+00:00,11.6076060495,11.8504429961,11.6076060495,11.8504429961,21299
2022-01-14 00:00:00+00:00,11.5784656159,11.6950273503,11.568752138,11.6950273503,18604
2022-01-18 00:00:00+00:00,11.5881790937,11.7531139479,11.5881790937,11.6076060495,3543
2022-01-19 00:00:00+00:00,11.7727351732,11.8018756068,11.6464599609,11.7660328735,22212
2022-01-20 00:00:00+00:00,11.6658869167,11.8018756068,11.6561734388,11.7338812617,161796
2022-01-21 00:00:00+00:00,11.3647691028,11.7241677839,11.3356286692,11.7241677839,49453
2022-01-24 00:00:00+00:00,11.1996399791,11.3307719303,10.5002695728,11.3162017135,87619
2022-01-25 00:00:00+00:00,11.5493251823,11.5493251823,10.4517021835,11.1413591119,25062
2022-01-26 00:00:00+00:00,11.5104712708,11.6561734388,11.3356286692,11.4133364922,30756
2022-01-27 00:00:00+00:00,11.1704995455,11.5590386601,11.1704995455,11.5590386601,24921
2022-01-28 00:00:00+00:00,11.1704995455,11.2967747578,11.0247973775,11.2967747578,8241
2022-01-31 00:00:00+00:00,11.3170759265,11.4326663131,11.1025052005,11.1025052005,23988
2022-02-01 00:00:00+00:00,11.1357252948,11.5200876139,11.0830782447,11.5200876139,4291
2022-02-02 00:00:00+00:00,11.0442243333,11.2482073684,11.0442243333,11.1025052005,4351
2022-02-03 00:00:00+00:00,10.9956569439,11.063651289,10.9573858411,10.9573858411,2890
2022-02-04 00:00:00+00:00,10.990800205,11.0115870476,10.9276625989,10.9470895546,4693
2022-02-07 00:00:00+00:00,11.0053704218,11.131645634,10.9277597336,10.9277597336,2438
2022-02-08 00:00:00+00:00,11.0733647669,11.0733647669,10.9762299882,10.976327123,5083
2022-02-09 00:00:00+00:00,11.3064882356,11.3064882356,11.0054675566,11.1607860676,6582
2022-02-10 00:00:00+00:00,11.2287804127,11.3744825807,11.2287804127,11.3744825807,1005
2022-02-11 00:00:00+00:00,11.2384938906,11.3064882356,11.1267888951,11.1267888951,2942
2022-02-14 00:00:00+00:00,10.9568030325,11.1802130234,10.9568030325,11.1704995455,1934
2022-02-15 00:00:00+00:00,11.063651289,11.0733647669,10.9276625989,10.9470895546,5529
2022-02-16 00:00:00+00:00,11.0854094794,11.0879349837,11.0733647669,11.0830782447,5507
2022-02-17 00:00:00+00:00,11.204496718,11.204496718,11.1704995455,11.1704995455,8956
2022-02-18 00:00:00+00:00,11.3113449746,11.3162017135,11.1843898189,11.209353457,9376
2022-02-22 00:00:00+00:00,11.1996399791,11.3259151914,11.1899265012,11.2070222223,3728
2022-02-23 00:00:00+00:00,11.2870612799,11.3647691028,11.1704995455,11.3647691028,3553
2022-02-24 00:00:00+00:00,11.0150838997,11.1219321562,10.5735091959,11.1219321562,18695
2022-02-25 00:00:00+00:00,10.9762299882,11.2287804127,10.7939080087,10.7939080087,23508
2022-02-28 00:00:00+00:00,11.1413591119,11.2480130989,11.0830782447,11.0830782447,2824
2022-03-01 00:00:00+00:00,11.063651289,11.4521904036,10.9762299882,11.2870612799,43448
2022-03-02 00:00:00+00:00,11.1219321562,11.3162017135,11.0830782447,11.1704995455,34810
2022-03-03 00:00:00+00:00,11.0247973775,11.2190669348,10.8888086874,11.131645634,12225
2022-03-04 00:00:00+00:00,10.8013873866,10.9762299882,10.6945391301,10.9762299882,41330
2022-03-07 00:00:00+00:00,10.6848256522,10.8305278202,10.6848256522,10.8305278202,15769
2022-03-08 00:00:00+00:00,10.480842617,10.6751121744,10.4031347941,10.626544785,4609
2022-03-09 00:00:00+00:00,10.3739943605,10.626544785,10.3739943605,10.480842617,7255
2022-03-10 00:00:00+00:00,10.4905560949,10.5876908736,10.4225617499,10.4614156613,8484
2022-03-11 00:00:00+00:00,10.5196965285,10.5488369621,10.4419887056,10.4905560949,19950
2022-03-14 00:00:00+00:00,10.3934213163,10.5391234842,10.3934213163,10.5294100064,20370
2022-03-15 00:00:00+00:00,10.3934213163,10.4662724003,10.3545674048,10.4419887056,16291
2022-03-16 00:00:00+00:00,10.5294100064,10.6071178293,10.4419887056,10.5391234842,11962
2022-03-17 00:00:00+00:00,10.6362582629,10.6362582629,10.5342667453,10.5876908736,5063
2022-03-18 00:00:00+00:00,11.1122186783,11.1122186783,10.4311096104,10.4311096104,17381
2022-03-21 00:00:00+00:00,10.8790952095,11.1219321562,10.8790952095,10.9568030325,633
2022-03-22 00:00:00+00:00,10.8305278202,10.8305278202,10.6362582629,10.8305278202,7158
2022-03-23 00:00:00+00:00,10.5876908736,10.772246953,10.412848272,10.772246953,5501
2022-03-24 00:00:00+00:00,10.6848256522,10.6848256522,10.5391234842,10.5391234842,459
2022-03-25 00:00:00+00:00,10.626544785,10.626544785,10.5099830506,10.5099830506,5510
2022-03-28 00:00:00+00:00,10.4905560949,10.6653986965,10.4225617499,10.6653986965,354525
2022-03-29 00:00:00+00:00,10.704252608,10.8790952095,10.6556852186,10.6556852186,4957
2022-03-30 00:00:00+00:00,10.9989595264,11.0345108554,10.7819604309,10.8693817317,26886
2022-03-31 00:00:00+00:00,11.0733647669,11.6561734388,11.0259629949,11.5978925716,11459
2022-04-01 00:00:00+00:00,11.5784656159,11.6464599609,11.0442243333,11.0442243333,4356
2022-04-04 00:00:00+00:00,11.5200876139,11.6464599609,11.2871584147,11.6464599609,883
2022-04-05 00:00:00+00:00,11.42304997,11.4813308372,11.4133364922,11.4424769258,2289
2022-04-06 00:00:00+00:00,11.416056266,11.416056266,11.416056266,11.416056266,754
2022-04-07 00:00:00+00:00,11.3647691028,11.3647691028,11.1612151905,11.1896271132,1623
2022-04-08 00:00:00+00:00,11.3647691028,11.3647691028,11.3647691028,11.3647691028,106
2022-04-11 00:00:00+00:00,10.9074539078,11.3842293239,10.9074539078,11.1896271132,6411
2022-04-12 00:00:00+00:00,10.7809624708,10.9950249026,10.7809624708,10.9074539078,1754
2022-04-13 00:00:00+00:00,10.8490732446,10.8588033551,10.5863602602,10.7517721392,5300
2022-04-14 00:00:00+00:00,10.8077202748,10.9309034741,10.7032188877,10.7032188877,1591
2022-04-18 00:00:00+00:00,10.7323119182,10.8490732446,10.7323119182,10.8489759435,1330
2022-04-19 00:00:00+00:00,10.6350108128,10.7809624708,10.5377097075,10.5766301496,3229
2022-04-20 00:00:00+00:00,10.6787963102,10.7420420287,10.5863602602,10.6013446304,2569
2022-04-21 00:00:00+00:00,10.5377097075,10.6077665033,10.5377097075,10.5766301496,1031
2022-04-22 00:00:00+00:00,10.5377097075,10.5766301496,10.5377097075,10.547439818,2001
2022-04-25 00:00:00+00:00,10.3722978284,10.7031215866,10.3722978284,10.5377097075,16351
2022-04-26 00:00:00+00:00,10.4112182706,10.4404086022,10.2749967231,10.3722978284,10304
2022-04-27 00:00:00+00:00,9.8371417491,10.4306784916,9.7690309754,10.4112182706,23398
2022-04-28 00:00:00+00:00,9.9733632966,10.2458063915,9.8371417491,9.9733632966,23845
2022-04-29 00:00:00+00:00,9.944172965,9.9928235176,9.8371417491,9.9247127439,9337
2022-05-02 00:00:00+00:00,9.7544358096,9.8274116386,9.6425395384,9.7301105332,21466
2022-05-03 00:00:00+00:00,9.6425395384,9.817681528,9.6425395384,9.6425395384,4012
2022-05-04 00:00:00+00:00,9.652269649,9.7495707543,9.5452384331,9.5841588752,11036
2022-05-05 00:00:00+00:00,9.5355083226,9.6328094279,9.4187469962,9.5938889858,11381
2022-05-06 00:00:00+00:00,9.3506362224,9.8170977214,9.3506362224,9.506317991,23269
2022-05-09 00:00:00+00:00,8.7084489273,9.3019856698,8.6403381535,9.3019856698,15390
2022-05-10 00:00:00+00:00,8.2511337322,8.7910575657,8.1732928479,8.7570994799,21237
2022-05-11 00:00:00+00:00,8.0857218531,8.3192445059,8.0857218531,8.2219434006,17618
2022-05-12 00:00:00+00:00,7.900849753,8.0857218531,7.8055919709,8.0857218531,23519
2022-05-13 00:00:00+00:00,8.1635627374,8.1635627374,7.8813895319,8.0662616321,51992
2022-05-16 00:00:00+00:00,8.338704727,8.3484348375,8.0857218531,8.0857218531,1739
2022-05-17 00:00:00+00:00,8.3678950586,8.6792585957,8.3678950586,8.4068155007,1853
2022-05-18 00:00:00+00:00,8.5333069377,8.5333069377,8.2705939533,8.3192445059,995
2022-05-19 00:00:00+00:00,8.6695284851,8.6695284851,8.3289746165,8.3289746165,1172
2022-05-20 00:00:00+00:00,8.5722273798,8.6695284851,8.5722273798,8.5722273798,4445
2022-05-23 00:00:00+00:00,8.8480760134,8.922511359,8.8480760134,8.922511359,484
2022-05-24 00:00:00+00:00,8.6695284851,8.7181790378,8.5722273798,8.5722273798,1239
2022-05-25 00:00:00+00:00,8.7084489273,8.7668295904,8.630608043,8.7668295904,374
2022-05-26 00:00:00+00:00,8.6792585957,8.6792585957,8.4651961639,8.5819574903,13552
2022-05-27 00:00:00+00:00,8.8835909168,8.8835909168,8.7084489273,8.7084489273,6275
2022-05-31 00:00:00+00:00,8.9030511379,8.94197158,8.8933210274,8.9127812484,3649
2022-06-01 00:00:00+00:00,8.2705939533,8.5334042388,8.2705939533,8.5334042388,6966
2022-06-02 00:00:00+00:00,8.2900541743,8.4651961639,8.2900541743,8.2900541743,16004
2022-06-03 00:00:00+00:00,8.2705939533,8.4360058323,8.2705939533,8.4360058323,9569
2022-06-06 00:00:00+00:00,8.1732928479,8.2705939533,8.1732928479,8.2705939533,8473
2022-06-07 00:00:00+00:00,8.2024831795,8.2024831795,8.1343724058,8.1830229585,19262
2022-06-08 00:00:00+00:00,7.8132787582,8.1343724058,7.7840884266,8.1246422953,15790
2022-06-09 00:00:00+00:00,7.9884207478,8.1246422953,7.9105798635,7.9495003057,9733
2022-06-10 00:00:00+00:00,7.8911196425,7.9884207478,7.8911196425,7.9884207478,11454
2022-06-13 00:00:00+00:00,7.462994779,7.8911196425,7.4532646685,7.8911196425,13691
2022-06-14 00:00:00+00:00,7.8327389793,7.9203099741,7.6965174318,7.6965174318,38390
2022-06-15 00:00:00+00:00,7.5602958843,7.9591331151,7.4240743369,7.8424690898,11273
2022-06-16 00:00:00+00:00,7.6867873213,7.7062475423,7.5408356633,7.5408356633,21125
2022-06-17 00:00:00+00:00,7.578491191,7.7159776529,7.4727248895,7.4921851106,3386
2022-06-21 00:00:00+00:00,7.4727248895,7.8521992003,7.462994779,7.5894862159,14870
2022-06-22 00:00:00+00:00,7.3559635631,7.4240743369,7.3559635631,7.3948840053,16993
2022-06-23 00:00:00+00:00,7.2100119051,7.4046141158,7.2091361952,7.3559635631,8734
2022-06-24 00:00:00+00:00,7.3754237842,7.4727248895,7.2975828999,7.3754237842,2551
2022-06-27 00:00:00+00:00,7.3365033421,7.3365033421,7.1127107998,7.2100119051,15764
2022-06-28 00:00:00+00:00,7.2148769604,7.3559635631,7.1224409103,7.2392022367,10264
2022-06-29 00:00:00+00:00,7.0543301366,7.2100119051,7.0543301366,7.1516312419,16365
2022-06-30 00:00:00+00:00,7.0835204682,7.2294721262,7.0348699155,7.2002817946,9801
2022-07-01 00:00:00+00:00,7.2002817946,7.2002817946,7.1954167393,7.1954167393,1164
2022-07-05 00:00:00+00:00,6.9472989207,7.1613613525,6.8694580365,7.1321710209,24574
2022-07-06 00:00:00+00:00,7.025139805,7.0348699155,7.0056795839,7.0056795839,2283
2022-07-07 00:00:00+00:00,6.9951739836,7.1548824886,6.9951739836,7.102491855,11908
2022-07-08 00:00:00+00:00,6.9463931329,7.034881596,6.9366369628,7.0146863239,2131
2022-07-11 00:00:00+00:00,6.9366369628,7.0049301537,6.9268807927,6.9366369628,5570
2022-07-12 00:00:00+00:00,6.8878561122,7.0732233446,6.8878561122,7.0049301537,4013
2022-07-13 00:00:00+00:00,6.8878561122,6.9366369628,6.8294166531,6.8294166531,8669
2022-07-14 00:00:00+00:00,6.8293190914,6.8390752615,6.8098067511,6.8293190914,20300
2022-07-15 00:00:00+00:00,6.8976122823,7.0537110044,6.8293190914,7.0537110044,11773
2022-07-18 00:00:00+00:00,6.9463931329,7.029320579,6.9268807927,6.9268807927,3886
2022-07-19 00:00:00+00:00,6.9073684524,7.0927356849,6.8878561122,6.9268807927,2622
2022-07-20 00:00:00+00:00,7.024442494,7.024442494,6.8098067511,6.8098067511,16985
2022-07-21 00:00:00+00:00,6.9073684524,6.9951739836,6.9009293801,6.9756616433,29819
2022-07-22 00:00:00+00:00,6.9073684524,6.9561493031,6.8585876018,6.9366369628,25306
2022-07-25 00:00:00+00:00,7.024442494,7.0634671745,6.8311727637,6.9171246225,6800
2022-07-26 00:00:00+00:00,7.024442494,7.0732233446,6.9366369628,7.0439548342,40666
2022-07-27 00:00:00+00:00,7.0537110044,7.1512727057,6.9561493031,6.9756616433,30550
2022-07-28 00:00:00+00:00,6.9561493031,7.1610288758,6.9561493031,7.1317603654,12286
2022-07-29 00:00:00+00:00,7.2390782369,7.248834407,6.9756616433,7.0341986641,76118
2022-08-01 00:00:00+00:00,7.2976152576,7.310883649,7.2976152576,7.310883649,1204
2022-08-02 00:00:00+00:00,7.2976152576,7.2976152576,7.2976152576,7.2976152576,163
2022-08-03 00:00:00+00:00,7.1610288758,7.2000535563,7.0732233446,7.1415165355,7109
2022-08-04 00:00:00+00:00,7.141711659,7.1512727057,7.141711659,7.1512727057,748
2022-08-05 00:00:00+00:00,7.1512727057,7.1561507907,7.0732233446,7.1278578974,2624
2022-08-08 00:00:00+00:00,7.2000535563,7.2000535563,7.2000535563,7.2000535563,713
2022-08-09 00:00:00+00:00,7.1415165355,7.3073714278,7.1317603654,7.1317603654,2725
2022-08-10 00:00:00+00:00,7.2195658966,7.2976152576,7.1415165355,7.2683467472,4178
2022-08-11 00:00:00+00:00,7.2781029174,7.3171275979,7.2781029174,7.3171275979,1670
2022-08-12 00:00:00+00:00,7.3073714278,7.3073714278,7.2390782369,7.2732248323,3602
2022-08-15 00:00:00+00:00,7.6781058927,7.7268867434,7.0733209063,7.3171275979,29991
2022-08-16 00:00:00+00:00,7.7073744031,7.7561552538,7.7073744031,7.7561552538,10611
2022-08-17 00:00:00+00:00,7.6878620629,7.7951799343,7.5707880213,7.6683497226,1761
2022-08-18 00:00:00+00:00,7.6293250421,7.6877645012,7.4244454693,7.5805441914,33885
2022-08-19 00:00:00+00:00,7.4537139797,7.5903003616,7.3561522784,7.5903003616,6677
2022-08-22 00:00:00+00:00,7.3463961083,7.5412268258,7.3463961083,7.3734206996,1005
2022-08-23 00:00:00+00:00,7.4146892992,7.4244454693,7.3756646187,7.3951769589,3126
2022-08-24 00:00:00+00:00,7.4195673843,7.4634701499,7.4146892992,7.4342016395,4560
2022-08-25 00:00:00+00:00,7.4390797245,7.4537139797,7.1220041953,7.4244454693,193586
2022-08-26 00:00:00+00:00,7.3717621506,7.4883483837,7.3561522784,7.4146892992,4602
2022-08-29 00:00:00+00:00,7.4342016395,7.5122510005,7.3073714278,7.3366399382,2446
2022-08-30 00:00:00+00:00,7.3951769589,7.4537139797,7.3366399382,7.3561522784,4633
2022-08-31 00:00:00+00:00,7.2293220667,7.5317633408,7.2293220667,7.2683467472,5453
2022-09-01 00:00:00+00:00,7.1805412161,7.2049316414,7.1805412161,7.1805412161,3966
2022-09-02 00:00:00+00:00,7.3951769589,7.4049331291,7.2195658966,7.3171275979,3247
2022-09-06 00:00:00+00:00,7.1415165355,7.3171275979,7.0634671745,7.1415165355,2448
2022-09-07 00:00:00+00:00,7.1805412161,7.1805412161,7.1707850459,7.1707850459,4441
2022-09-08 00:00:00+00:00,7.1463946206,7.2878590875,7.1317603654,7.1317603654,6482
2022-09-09 00:00:00+00:00,7.2195658966,7.2195658966,7.1707850459,7.1707850459,3625
2022-09-12 00:00:00+00:00,7.3659084486,7.3854207888,7.3171275979,7.3171275979,16312
2022-09-13 00:00:00+00:00,7.2683467472,7.3659084486,7.2683467472,7.326883768,13420
2022-09-14 00:00:00+00:00,7.3659084486,7.4146892992,7.3171275979,7.4146892992,3593
2022-09-15 00:00:00+00:00,7.326883768,7.3659084486,7.326883768,7.3659084486,10645
2022-09-16 00:00:00+00:00,7.1805412161,7.2976152576,7.1805412161,7.2976152576,24819
2022-09-19 00:00:00+00:00,7.3561522784,7.3659084486,7.2293220667,7.2293220667,8005
2022-09-20 00:00:00+00:00,7.2683467472,7.326883768,7.2195658966,7.3171275979,15928
2022-09-21 00:00:00+00:00,7.3653230783,7.3659084486,7.2878590875,7.3171275979,8656
2022-09-22 00:00:00+00:00,7.3073714278,7.3951769589,7.2782004791,7.3130300064,84748
2022-09-23 00:00:00+00:00,7.1122480252,7.2683467472,7.0537110044,7.2683467472,13444
2022-09-26 00:00:00+00:00,7.0049301537,7.1415165355,6.9854178135,7.102491855,4082
2022-09-27 00:00:00+00:00,7.024442494,7.102491855,6.8878561122,6.9854178135,6913
2022-09-28 00:00:00+00:00,7.0243449323,7.0243449323,6.9366369628,6.9366369628,5578
2022-09-29 00:00:00+00:00,6.9463931329,6.9463931329,6.9026854908,6.9366369628,4232
2022-09-30 00:00:00+00:00,6.8098067511,6.8683437719,6.8098067511,6.8683437719,2464
2022-10-03 00:00:00+00:00,6.9171246225,7.1220041953,6.9171246225,7.1122480252,12575
2022-10-04 00:00:00+00:00,7.0049301537,7.1122480252,7.0049301537,7.1122480252,2980
2022-10-05 00:00:00+00:00,7.0049301537,7.0049301537,7.0049301537,7.0049301537,93
2022-10-06 00:00:00+00:00,6.9932227496,6.9932227496,6.9932227496,6.9932227496,2631
2022-10-07 00:00:00+00:00,6.9932227496,6.9932227496,6.9932227496,6.9932227496,4
2022-10-10 00:00:00+00:00,6.8828961026,6.8828961026,6.8623565672,6.8623565672,1796
2022-10-11 00:00:00+00:00,6.8269503206,6.8954154384,6.8269503206,6.8954154384,1231
2022-10-12 00:00:00+00:00,6.8465117828,6.8465117828,6.8465117828,6.8465117828,1199
2022-10-13 00:00:00+00:00,6.944319094,6.944319094,6.4063788825,6.533528387,8739
2022-10-14 00:00:00+00:00,6.8562925139,6.944319094,6.7291430094,6.944319094,10224
2022-10-17 00:00:00+00:00,6.8856347073,6.9736612873,6.8171695894,6.8367310517,1070
2022-10-18 00:00:00+00:00,6.8465117828,6.9345383629,6.8465117828,6.9345383629,722
2022-10-19 00:00:00+00:00,6.7584852027,6.7976081272,6.6900200849,6.7976081272,4000
2022-10-20 00:00:00+00:00,6.7584852027,6.7584852027,6.7584852027,6.7584852027,57
2022-10-21 00:00:00+00:00,6.699800816,6.9247576317,6.699800816,6.866073245,12259
2022-10-24 00:00:00+00:00,6.6508971604,6.6704586227,6.6493322434,6.6704586227,55506
2022-10-25 00:00:00+00:00,6.6215549671,6.7291430094,6.611774236,6.6704586227,7620
2022-10-26 00:00:00+00:00,6.6753489882,6.7291430094,6.6508971604,6.7291430094,2471
2022-10-27 00:00:00+00:00,6.6508971604,6.7486066643,6.6508971604,6.6606778915,7974
2022-10-28 00:00:00+00:00,6.6508971604,6.6508971604,6.6508971604,6.6508971604,17
2022-10-31 00:00:00+00:00,6.7829370305,6.7829370305,6.7829370305,6.7829370305,360
2022-11-01 00:00:00+00:00,6.8367310517,6.988332384,6.6508971604,6.6508971604,1923
2022-11-02 00:00:00+00:00,6.6508971604,6.6508971604,6.611774236,6.6508971604,8753
2022-11-03 00:00:00+00:00,6.6508971604,7.2181795653,6.6313356982,6.6508971604,6522
2022-11-04 00:00:00+00:00,6.7584852027,6.7594632758,6.6508971604,6.7594632758,4925
2022-11-07 00:00:00+00:00,6.8611828795,6.866073245,6.7682659338,6.8465117828,3968
2022-11-08 00:00:00+00:00,7.0030034807,7.032345674,6.8465117828,7.0225649429,3215
2022-11-09 00:00:00+00:00,6.8856347073,7.0714685985,6.8856347073,7.0127842118,2706
2022-11-10 00:00:00+00:00,6.8611828795,7.0421264052,6.8611828795,7.0421264052,6247
2022-11-11 00:00:00+00:00,6.7291430094,6.9638805562,6.6704586227,6.8465117828,8127
2022-11-14 00:00:00+00:00,6.699800816,6.8073888583,6.6900200849,6.8073888583,4128
2022-11-15 00:00:00+00:00,6.7389237405,6.7389237405,6.6742731078,6.7389237405,2134
2022-11-16 00:00:00+00:00,6.6802393538,6.6802393538,6.6606778915,6.6616559647,3493
2022-11-17 00:00:00+00:00,6.6802393538,6.6802393538,6.6802393538,6.6802393538,616
2022-11-18 00:00:00+00:00,6.5530898492,6.6606778915,6.5530898492,6.6606778915,10010
2022-11-21 00:00:00+00:00,6.533528387,6.6606778915,6.5139669248,6.6019935048,13443
2022-11-22 00:00:00+00:00,6.6313356982,6.6313356982,6.5139669248,6.6019935048,9582
2022-11-23 00:00:00+00:00,6.5237476559,6.7487044716,6.5139669248,6.7389237405,5017
2022-11-25 00:00:00+00:00,6.5237476559,6.5237476559,6.5237476559,6.5237476559,103
2022-11-28 00:00:00+00:00,6.4650632692,6.5237476559,6.4650632692,6.5237476559,17580
2022-11-29 00:00:00+00:00,6.4748440003,6.533528387,6.4458930362,6.5237476559,12380
2022-11-30 00:00:00+00:00,6.533528387,6.5433091181,6.4748440003,6.5237476559,186578
2022-12-01 00:00:00+00:00,6.4757242661,6.4757242661,6.4757242661,6.4757242661,701
2022-12-02 00:00:00+00:00,6.533528387,6.533528387,6.5334305797,6.5334305797,487
2022-12-05 00:00:00+00:00,6.5237476559,6.5726513115,6.5041861937,6.5726513115,7008
2022-12-06 00:00:00+00:00,6.7389237405,6.7702220801,6.5041861937,6.5041861937,5287
2022-12-07 00:00:00+00:00,7.1301529852,7.1301529852,6.5726513115,6.5726513115,42180
2022-12-08 00:00:00+00:00,7.1203722541,7.3257676076,7.1203722541,7.2377410275,32012
2022-12-09 00:00:00+00:00,7.2866446831,7.2866446831,7.1203722541,7.1203722541,57409
2022-12-12 00:00:00+00:00,7.2866446831,7.3551098009,7.2866446831,7.2867424904,38281
2022-12-13 00:00:00+00:00,7.3355483387,7.3942327254,7.3159868765,7.3942327254,39181
2022-12-14 00:00:00+00:00,7.2866446831,7.3844519943,7.2377410275,7.3648905321,67808
2022-12-15 00:00:00+00:00,7.2377410275,7.3648905321,7.2377410275,7.2866446831,541540
2022-12-16 00:00:00+00:00,7.3062061453,7.384354187,7.2279602964,7.2279602964,7732
2022-12-19 00:00:00+00:00,7.2377410275,7.3844519943,7.2377410275,7.3844519943,10354
2022-12-20 00:00:00+00:00,7.276863952,7.276863952,7.2377410275,7.2475217586,14698
2022-12-21 00:00:00+00:00,7.3700743196,7.3844519943,7.2377410275,7.3551098009,34312
2022-12-22 00:00:00+00:00,7.3355483387,7.4920400366,7.2964254142,7.4920400366,59241
2022-12-23 00:00:00+00:00,7.5018207677,7.5116014988,7.2475217586,7.2475217586,3980
2022-12-27 00:00:00+00:00,7.5018207677,7.506613326,7.4822593055,7.4822593055,1619
2022-12-28 00:00:00+00:00,7.3355483387,7.3355483387,7.3355483387,7.3355483387,606
2022-12-29 00:00:00+00:00,7.3159868765,7.3551098009,7.2866446831,7.3355483387,65575
2022-12-30 00:00:00+00:00,7.3600001665,7.3600001665,7.3355483387,7.335646146,122128
2023-01-03 00:00:00+00:00,7.3355483387,7.3453290698,7.2866446831,7.3453290698,8025
2023-01-04 00:00:00+00:00,7.4626978432,7.4626978432,7.335646146,7.335646146,1483
2023-01-05 00:00:00+00:00,7.4030353834,7.4521601613,7.3736193488,7.4520621078,9454
2023-01-06 00:00:00+00:00,7.4030353834,7.4031334369,7.4030353834,7.4030353834,1519
2023-01-09 00:00:00+00:00,7.4324514181,7.4324514181,7.354008659,7.354008659,3627
2023-01-10 00:00:00+00:00,7.4030353834,7.4226460732,7.3638140039,7.3932300385,3434
2023-01-11 00:00:00+00:00,7.4618674527,7.4618674527,7.3736193488,7.4324514181,12272
2023-01-12 00:00:00+00:00,7.4030353834,7.4475516492,7.4030353834,7.4128407283,1150
2023-01-13 00:00:00+00:00,7.4030353834,7.4471594354,7.4030353834,7.4471594354,19592
2023-01-17 00:00:00+00:00,7.4030353834,7.41146798,7.4030353834,7.4030353834,2604
2023-01-18 00:00:00+00:00,7.4324514181,7.4324514181,7.3883273661,7.4324514181,9195
2023-01-19 00:00:00+00:00,7.4520621078,7.5010888322,7.4324514181,7.4324514181,2680
2023-01-20 00:00:00+00:00,7.5305048668,7.5795315912,7.4520621078,7.4520621078,51305
2023-01-23 00:00:00+00:00,7.6677796951,7.7168064195,7.5501155566,7.5697262464,6675
2023-01-24 00:00:00+00:00,7.67758504,7.67758504,7.5795315912,7.67758504,767
2023-01-25 00:00:00+00:00,7.67758504,7.67758504,7.6285583156,7.6383636605,3202
2023-01-26 00:00:00+00:00,7.6187529708,7.8246652132,7.6089476259,7.8246652132,1435
2023-01-27 00:00:00+00:00,7.6971957298,7.6971957298,7.6481690054,7.67758504,54613
2023-01-30 00:00:00+00:00,7.599142281,7.7168064195,7.599142281,7.7168064195,2048
2023-01-31 00:00:00+00:00,7.6481690054,7.6971957298,7.5906116309,7.6873903849,4338
2023-02-01 00:00:00+00:00,7.5697262464,7.7168064195,7.5697262464,7.6187529708,3853
2023-02-02 00:00:00+00:00,7.7364171093,7.7462224542,7.6239498035,7.7462224542,946
2023-02-03 00:00:00+00:00,7.6481690054,7.6481690054,7.5010888322,7.5010888322,1512
2023-02-06 00:00:00+00:00,7.6873903849,7.6971957298,7.599142281,7.6089476259,26312
2023-02-07 00:00:00+00:00,7.6579743503,7.7266117644,7.5583520463,7.6481690054,15762
2023-02-08 00:00:00+00:00,7.6138502983,7.721709092,7.354008659,7.721709092,1108227
2023-02-09 00:00:00+00:00,7.5403102117,7.7168064195,7.354008659,7.7168064195,329416
2023-02-10 00:00:00+00:00,7.4618674527,7.5697262464,7.4618674527,7.5697262464,9201
2023-02-13 00:00:00+00:00,7.4128407283,7.5108941771,7.4128407283,7.4520621078,16545
2023-02-14 00:00:00+00:00,7.4128407283,7.4226460732,7.4128407283,7.4226460732,1057
2023-02-15 00:00:00+00:00,7.354008659,7.4226460732,7.354008659,7.4226460732,43567
2023-02-16 00:00:00+00:00,7.2951765898,7.4030353834,7.2755659,7.2755659,1441
2023-02-17 00:00:00+00:00,7.3638140039,7.3638140039,7.2755659,7.2755659,5758
2023-02-21 00:00:00+00:00,7.354008659,7.4030353834,7.2657605551,7.2657605551,32256
2023-02-22 00:00:00+00:00,7.3147872795,7.3147872795,7.3147872795,7.3147872795,1882
2023-02-23 00:00:00+00:00,7.354008659,7.354008659,7.3147872795,7.354008659,3493
2023-02-24 00:00:00+00:00,7.3147872795,7.354008659,7.3147872795,7.3442033141,1126
2023-02-27 00:00:00+00:00,7.354008659,7.354008659,7.3174347226,7.3174347226,1983
2023-02-28 00:00:00+00:00,7.3147872795,7.354008659,7.3147872795,7.354008659,22607
2023-03-01 00:00:00+00:00,7.3147872795,7.315767814,7.2657605551,7.2755659,6739
2023-03-02 00:00:00+00:00,7.354008659,7.354008659,7.354008659,7.354008659,233
2023-03-03 00:00:00+00:00,7.354008659,7.354008659,7.3442033141,7.3442033141,240
2023-03-06 00:00:00+00:00,7.2657605551,7.354008659,7.2657605551,7.354008659,1862
2023-03-07 00:00:00+00:00,7.1677071063,7.2657605551,7.1677071063,7.2559552102,9839
2023-03-08 00:00:00+00:00,7.3049819346,7.3049819346,7.2461498654,7.3049819346,81067
2023-03-09 00:00:00+00:00,7.2657605551,7.3049819346,7.2559552102,7.3049819346,16170
2023-03-10 00:00:00+00:00,7.0010162434,7.2951765898,7.0010162434,7.2559552102,197937
2023-03-13 00:00:00+00:00,7.0794590024,7.1284857268,6.9617948639,7.0402376229,19747
2023-03-14 00:00:00+00:00,6.951989519,7.2363445205,6.9029627946,7.1284857268,39618
2023-03-15 00:00:00+00:00,6.9617948639,6.9912108985,6.8637414151,6.8833521048,13474
2023-03-16 00:00:00+00:00,7.0598483127,7.0794590024,6.9225734844,6.9225734844,17516
2023-03-17 00:00:00+00:00,7.3834246937,7.3834246937,6.951989519,7.0794590024,36644
2023-03-20 00:00:00+00:00,7.2069284858,7.3834246937,7.152999089,7.2461498654,17223
2023-03-21 00:00:00+00:00,7.2363445205,7.3147872795,7.1873177961,7.3147872795,6211
2023-03-22 00:00:00+00:00,7.3147872795,7.4030353834,7.2852731914,7.2853712449,25546
2023-03-23 00:00:00+00:00,7.2853712449,7.3638140039,7.2645839137,7.3638140039,732
2023-03-24 00:00:00+00:00,7.197123141,7.3147872795,7.1703545494,7.3147872795,701
2023-03-27 00:00:00+00:00,7.3442033141,7.4912834873,7.3049819346,7.4912834873,99499
2023-03-28 00:00:00+00:00,7.354008659,7.3932300385,7.2755659,7.3442033141,10160
2023-03-29 00:00:00+00:00,7.354008659,7.4226460732,7.2167338307,7.3932300385,73397
2023-03-30 00:00:00+00:00,7.3932300385,7.4226460732,7.3491059866,7.4226460732,2252
2023-03-31 00:00:00+00:00,7.2265391756,7.4030353834,7.1775124512,7.4030353834,33293
2023-04-03 00:00:00+00:00,7.4030353834,7.4912834873,7.354008659,7.4422567629,11050
2023-04-04 00:00:00+00:00,7.4030353834,7.4520621078,7.4030353834,7.4030353834,864
2023-04-05 00:00:00+00:00,7.3597938125,7.4218225547,7.3597938125,7.4119923261,1611
2023-04-06 00:00:00+00:00,7.3726714119,7.3726714119,7.3333504977,7.3726714119,4374
2023-04-10 00:00:00+00:00,7.2952092109,7.4119923261,7.284199355,7.3726714119,22504
2023-04-11 00:00:00+00:00,7.3284353834,7.4218225547,7.284199355,7.3333504977,28445
2023-04-12 00:00:00+00:00,7.3530109548,7.3726714119,7.3333504977,7.3530109548,9160
2023-04-13 00:00:00+00:00,7.4119923261,7.4316527832,7.3235202692,7.3235202692,20491
2023-04-14 00:00:00+00:00,7.4218225547,7.4316527832,7.3726714119,7.4316527832,1086
2023-04-17 00:00:00+00:00,7.4709736974,7.6085968971,7.392331869,7.4414830117,23343
2023-04-18 00:00:00+00:00,7.4611434688,7.5201248401,7.4316527832,7.4316527832,28989
2023-04-19 00:00:00+00:00,7.5102946116,7.5102946116,7.4709736974,7.500464383,2121
2023-04-20 00:00:00+00:00,7.5201248401,7.5201248401,7.4219208569,7.5102946116,4917
2023-04-21 00:00:00+00:00,7.5053794973,7.5102946116,7.3825999427,7.3825999427,4948
2023-04-24 00:00:00+00:00,7.2940295835,7.4267376689,7.2940295835,7.392331869,6323
2023-04-25 00:00:00+00:00,7.195727298,7.4119923261,7.195727298,7.2940295835,7294
2023-04-26 00:00:00+00:00,7.2203028694,7.3431807263,7.195727298,7.3431807263,5914
2023-04-27 00:00:00+00:00,7.2547086693,7.284199355,7.195727298,7.284199355,3082
2023-04-28 00:00:00+00:00,7.2252179837,7.392331869,7.2153877551,7.2252179837,3318
2023-05-01 00:00:00+00:00,7.195727298,7.2055575266,7.195727298,7.195727298,3516
2023-05-02 00:00:00+00:00,7.0728494412,7.2448784408,7.0286134127,7.195727298,7386
2023-05-03 00:00:00+00:00,7.0777645554,7.2350482122,7.0384436412,7.0679343269,3792
2023-05-04 00:00:00+00:00,6.586253128,6.9696320414,6.586253128,6.9696320414,13385
2023-05-05 00:00:00+00:00,6.3798183284,6.7337065562,6.3798183284,6.7337065562,19840
2023-05-08 00:00:00+00:00,6.5076112996,6.586253128,6.389648557,6.389648557,42294
2023-05-09 00:00:00+00:00,6.5665926709,6.5665926709,6.389648557,6.5371019852,3983
2023-05-10 00:00:00+00:00,6.7211238637,6.7211238637,6.7211238637,6.7211238637,301
2023-05-11 00:00:00+00:00,6.5076112996,6.5764228994,6.5026961853,6.5764228994,812
2023-05-12 00:00:00+00:00,6.4878525402,6.4879508425,6.4878525402,6.4879508425,353
2023-05-15 00:00:00+00:00,6.4682903854,6.4879508425,6.4682903854,6.4879508425,1554
2023-05-16 00:00:00+00:00,6.389648557,6.4393895134,6.389648557,6.4393895134,924
2023-05-17 00:00:00+00:00,6.3306671857,6.4682903854,6.2913462715,6.389648557,8364
2023-05-18 00:00:00+00:00,6.2913462715,6.3699880999,6.2569404716,6.3699880999,4928
2023-05-19 00:00:00+00:00,6.3798183284,6.4879508425,6.3699880999,6.4879508425,2851
2023-05-22 00:00:00+00:00,6.3404974142,6.5023029762,6.3110067286,6.5023029762,5939
2023-05-23 00:00:00+00:00,6.5125264138,6.586253128,6.4682903854,6.5174415281,33630
2023-05-24 00:00:00+00:00,6.4879508425,6.6550647278,6.4584601568,6.6550647278,6743
2023-05-25 00:00:00+00:00,6.4878525402,6.4879508425,6.4878525402,6.4879508425,6007
2023-05-26 00:00:00+00:00,6.890990213,6.890990213,6.3303722788,6.3303722788,3933
2023-05-30 00:00:00+00:00,6.9204808986,6.9401413557,6.8516692988,6.9401413557,2881
2023-05-31 00:00:00+00:00,6.9008204415,6.9101591587,6.890990213,6.9101591587,1745
2023-06-01 00:00:00+00:00,6.9008204415,6.9008204415,6.9008204415,6.9008204415,24
2023-06-02 00:00:00+00:00,7.2055575266,7.2055575266,6.8320088417,6.8320088417,2224
2023-06-05 00:00:00+00:00,7.1269156982,7.1465761553,7.1269156982,7.1465761553,441
2023-06-06 00:00:00+00:00,7.0777645554,7.1760668409,7.0777645554,7.1760668409,3723
2023-06-07 00:00:00+00:00,7.3333504977,7.8150316966,7.2153877551,7.8150316966,244195
2023-06-08 00:00:00+00:00,7.3235202692,7.4021620976,7.2252179837,7.2645388979,50699
2023-06-09 00:00:00+00:00,7.3186051549,7.4119923261,7.1465761553,7.3726714119,45085
2023-06-12 00:00:00+00:00,7.3503567931,7.3530109548,7.1367459267,7.3235202692,5427
2023-06-13 00:00:00+00:00,7.3235202692,7.4808039259,7.2301330979,7.4808039259,25992
2023-06-14 00:00:00+00:00,7.500464383,7.5594457543,7.3874167547,7.5201248401,40079
2023-06-15 00:00:00+00:00,7.4513132403,7.6085968971,7.3531092571,7.500464383,4820
2023-06-16 00:00:00+00:00,7.7167294111,7.8740130679,7.4709736974,7.6675782684,64445
2023-06-20 00:00:00+00:00,7.8150316966,7.8641828394,7.7167294111,7.8641828394,17622
2023-06-21 00:00:00+00:00,7.7560503253,7.8641828394,7.58893644,7.8543526108,41158
2023-06-22 00:00:00+00:00,7.7068991826,7.7658805539,7.6066308514,7.7658805539,11867
2023-06-23 00:00:00+00:00,7.3333504977,7.7658805539,7.2604102019,7.697068954,17718
2023-06-26 00:00:00+00:00,7.3628411834,7.4413847095,7.0777645554,7.2743691264,16052
2023-06-27 00:00:00+00:00,7.3726714119,7.500464383,7.2658168276,7.4218225547,13482
2023-06-28 00:00:00+00:00,7.4316527832,7.500464383,7.3039581143,7.3628411834,8826
2023-06-29 00:00:00+00:00,7.4316527832,7.4611434688,7.3726714119,7.3825016405,10802
2023-06-30 00:00:00+00:00,7.4513132403,7.4513132403,7.3038598121,7.392331869,13610
2023-07-03 00:00:00+00:00,7.4611434688,7.5539408264,7.3235202692,7.4414830117,7129
2023-07-05 00:00:00+00:00,7.383386361,7.4316527832,7.284199355,7.3726714119,10594
2023-07-06 00:00:00+00:00,7.2438954179,7.4113427419,7.1946172178,7.3769465582,14695
2023-07-07 00:00:00+00:00,7.3621630982,7.4656473185,7.283317978,7.283317978,4117
2023-07-10 00:00:00+00:00,7.4410082184,7.4902864185,7.2957360844,7.3030292581,7555
2023-07-11 00:00:00+00:00,7.5395646186,7.6183111824,7.3917300183,7.4705751385,6703
2023-07-12 00:00:00+00:00,7.6184097388,7.6381210189,7.4311525784,7.5691315387,16385
2023-07-13 00:00:00+00:00,7.6282653789,7.6282653789,7.4774740865,7.4774740865,3288
2023-07-14 00:00:00+00:00,7.687399219,7.687399219,7.5592758987,7.6479766589,2808
2023-07-17 00:00:00+00:00,7.8791899739,7.8791899739,7.687399219,7.687399219,18606
2023-07-18 00:00:00+00:00,8.1505157438,8.1506143002,7.7887151985,7.7887151985,20482
2023-07-19 00:00:00+00:00,8.2294594203,8.2787376205,8.0422022599,8.1506143002,20289
2023-07-20 00:00:00+00:00,8.1998925003,8.2787376205,8.1703255802,8.2590263404,10732
2023-07-21 00:00:00+00:00,8.1407586601,8.2787376205,8.0422022599,8.2097481403,6851
2023-07-24 00:00:00+00:00,8.5744068212,8.6433963014,8.2590263404,8.2590263404,16803
2023-07-25 00:00:00+00:00,8.7419527016,8.7419527016,8.4676702397,8.5744068212,5707
2023-07-26 00:00:00+00:00,8.5645511812,8.7222414216,8.5645511812,8.6729632214,2299
2023-07-27 00:00:00+00:00,8.4364278609,8.7518083416,8.4364278609,8.6236850213,2883
2023-07-28 00:00:00+00:00,8.6532519414,8.6532519414,8.3378714606,8.4462835009,13940
2023-07-31 00:00:00+00:00,8.7518083416,8.8306534618,8.4561391409,8.4561391409,8520
2023-08-01 00:00:00+00:00,8.3970053008,8.889787302,8.3772940207,8.7912309017,9272
2023-08-02 00:00:00+00:00,8.2097481403,8.3674383807,8.1210473801,8.1900368602,6023
2023-08-03 00:00:00+00:00,8.2491707004,8.4364278609,8.2193081111,8.2787376205,6033
2023-08-04 00:00:00+00:00,8.4167165808,8.4167165808,8.1704241366,8.4019331208,3780
2023-08-07 00:00:00+00:00,8.3871496607,8.5134004094,8.1154296653,8.4364278609,7394
2023-08-08 00:00:00+00:00,8.1210473801,8.4265722208,8.0225895362,8.4265722208,24770
2023-08-09 00:00:00+00:00,8.1309030201,8.2590263404,8.07176918,8.07176918,3964
2023-08-10 00:00:00+00:00,8.1013361,8.2885932605,8.1013361,8.1309030201,12473
2023-08-11 00:00:00+00:00,8.0520578999,8.1506143002,8.0126353398,8.1506143002,12274
2023-08-14 00:00:00+00:00,8.1346481633,8.2540985204,7.8746563795,7.8746563795,12916
2023-08-15 00:00:00+00:00,8.0788652408,8.2196037803,7.9720301029,8.0537333587,1342
2023-08-16 00:00:00+00:00,7.9633571397,7.9896716986,7.9436458596,7.9820828557,3821
2023-08-17 00:00:00+00:00,7.8648007394,7.9535014997,7.8648007394,7.9535014997,1597
2023-08-18 00:00:00+00:00,8.0422022599,8.08162482,8.0422022599,8.08162482,1488
2023-08-21 00:00:00+00:00,7.9633571397,8.0027796998,7.9239345796,8.0027796998,3830
2023-08-22 00:00:00+00:00,8.0126353398,8.0457502903,7.9830684197,8.0457502903,5306
2023-08-23 00:00:00+00:00,7.9042232995,7.9633571397,7.8943676595,7.9140789396,3915
2023-08-24 00:00:00+00:00,7.9436458596,8.08162482,7.9436458596,8.08162482,2887
2023-08-25 00:00:00+00:00,8.0619135399,8.0619135399,7.8943676595,7.9239345796,3152
2023-08-28 00:00:00+00:00,7.9436458596,8.0520578999,7.9436458596,7.9535014997,4075
2023-08-29 00:00:00+00:00,8.1801812202,8.1801812202,7.9608932297,8.0422022599,4926
2023-08-30 00:00:00+00:00,8.08162482,8.3871496607,8.08162482,8.2590263404,4037
2023-08-31 00:00:00+00:00,8.4265722208,8.4364278609,8.0619135399,8.1801812202,10218
2023-09-01 00:00:00+00:00,8.5152729811,8.5152729811,8.2688819804,8.4265722208,2541
2023-09-05 00:00:00+00:00,7.9436458596,8.2097481403,7.9436458596,8.08162482,12352
2023-09-06 00:00:00+00:00,7.9436458596,7.9929240598,7.8845120195,7.8845120195,7318
2023-09-07 00:00:00+00:00,7.8648007394,7.9732127797,7.7320452683,7.9337902196,5330
2023-09-08 00:00:00+00:00,7.7268217791,7.9929240598,7.7268217791,7.9830684197,3716
2023-09-11 00:00:00+00:00,7.7958112593,7.8845120195,7.7071104991,7.8845120195,4677
2023-09-12 00:00:00+00:00,7.9239345796,7.9830684197,7.9239345796,7.9830684197,1611
2023-09-13 00:00:00+00:00,7.8648007394,7.9830684197,7.8648007394,7.8795841995,1899
2023-09-14 00:00:00+00:00,7.8450894594,7.9830684197,7.8450894594,7.9830684197,1864
2023-09-15 00:00:00+00:00,7.7859556192,8.1900368602,7.7859556192,8.1900368602,4687
2023-09-18 00:00:00+00:00,7.7071104991,7.7859556192,7.6479766589,7.7859556192,4931
2023-09-19 00:00:00+00:00,7.7169661391,7.8549450994,7.5789871787,7.6479766589,9012
2023-09-20 00:00:00+00:00,7.7071104991,7.7859556192,7.667687939,7.7465330592,2137
2023-09-21 00:00:00+00:00,7.672615759,7.677543579,7.6086526552,7.6479766589,3538
2023-09-22 00:00:00+00:00,7.8746563795,7.8845120195,7.667687939,7.7366774191,10948
2023-09-25 00:00:00+00:00,7.7563886992,7.8352338194,7.607371422,7.8352338194,1250
2023-09-26 00:00:00+00:00,7.7465330592,7.7465330592,7.7465330592,7.7465330592,1518
2023-09-27 00:00:00+00:00,7.8648007394,7.8648007394,7.8648007394,7.8648007394,231
2023-09-28 00:00:00+00:00,7.687399219,7.8401616394,7.6479766589,7.7071104991,3146
2023-09-29 00:00:00+00:00,7.7416052391,7.7416052391,7.6589164193,7.6589164193,6268
2023-10-02 00:00:00+00:00,7.7071104991,7.8155225393,7.6578322989,7.8155225393,2628
2023-10-03 00:00:00+00:00,7.667687939,7.687399219,7.6479766589,7.687399219,31211
2023-10-04 00:00:00+00:00,7.5395646186,7.7071104991,7.4911734261,7.7071104991,8165
2023-10-05 00:00:00+00:00,7.5644008315,7.6927450876,7.4752124502,7.5048759916,17176
2023-10-06 00:00:00+00:00,7.5048759916,7.5147638388,7.4949881445,7.5147638388,1481
2023-10-09 00:00:00+00:00,7.4455489087,7.5740909217,7.4455489087,7.4949881445,1171
2023-10-10 00:00:00+00:00,7.4554367558,7.4910330056,7.4257732144,7.4455489087,4610
2023-10-11 00:00:00+00:00,7.5345395331,7.5345395331,7.4257732144,7.4257732144,2466
2023-10-12 00:00:00+00:00,7.465324603,7.5147638388,7.4257732144,7.5147638388,5649
2023-10-13 00:00:00+00:00,7.4158853672,7.630352772,7.4158853672,7.630352772,1914
2023-10-16 00:00:00+00:00,7.4059975201,7.4455489087,7.2576798127,7.4158853672,15064
2023-10-17 00:00:00+00:00,7.4059975201,7.5543152274,7.3664461314,7.5543152274,3905
2023-10-18 00:00:00+00:00,7.3812779022,7.4158853672,7.33678259,7.4158853672,1658
2023-10-19 00:00:00+00:00,7.4158853672,7.4158853672,7.371390055,7.4059975201,5027
2023-10-20 00:00:00+00:00,7.3368814684,7.3961096729,7.33678259,7.33678259,8338
2023-10-23 00:00:00+00:00,7.5238606582,7.5238606582,7.33678259,7.4752124502,13943
2023-10-24 00:00:00+00:00,7.33678259,7.6136423103,7.2181284241,7.5345395331,17120
2023-10-25 00:00:00+00:00,7.2477919656,7.2477919656,7.1983527298,7.1983527298,7465
2023-10-26 00:00:00+00:00,7.2477919656,7.3961096729,7.1588013412,7.1686891883,9325
2023-10-27 00:00:00+00:00,7.2972312013,7.5048759916,7.2972312013,7.5048759916,1946
2023-10-30 00:00:00+00:00,7.3647651974,7.4554367558,7.2972312013,7.3961096729,4898
2023-10-31 00:00:00+00:00,7.5642030746,7.5642030746,7.1686891883,7.2632170071,4380
2023-11-01 00:00:00+00:00,7.7125207819,8.0190440437,7.7125207819,7.781735712,19836
2023-11-02 00:00:00+00:00,7.6433058518,7.7224086291,7.5098199152,7.6136423103,2829
2023-11-03 00:00:00+00:00,7.5740909217,7.5740909217,7.3961096729,7.4464388149,4507
2023-11-06 00:00:00+00:00,7.5642030746,7.7421843234,7.5642030746,7.5642030746,2992
2023-11-07 00:00:00+00:00,7.5839787689,7.5839787689,7.5839787689,7.5839787689,1316
2023-11-08 00:00:00+00:00,7.4900442209,7.4900442209,7.4158853672,7.4158853672,939
2023-11-09 00:00:00+00:00,7.277455507,7.465324603,7.277455507,7.3862218257,7304
2023-11-10 00:00:00+00:00,7.3268947428,7.4851002973,7.277455507,7.4801563737,5761
2023-11-13 00:00:00+00:00,7.4059975201,7.5048759916,7.3961096729,7.5048759916,2614
2023-11-14 00:00:00+00:00,7.593866616,7.593866616,7.4461421795,7.465324603,889
2023-11-15 00:00:00+00:00,7.7026329347,7.7125207819,7.4159842457,7.4159842457,2492
2023-11-16 00:00:00+00:00,7.7026329347,7.7026329347,7.7026329347,7.7026329347,12523
2023-11-17 00:00:00+00:00,7.6729693933,7.6927450876,7.4342767629,7.5048759916,8516
2023-11-20 00:00:00+00:00,7.5444273802,7.5740909217,7.5444273802,7.5740909217,3225
2023-11-21 00:00:00+00:00,7.6433058518,7.6630815461,7.4455489087,7.5444273802,14357
2023-11-22 00:00:00+00:00,7.6334180047,7.6927450876,7.5547107413,7.5547107413,1718
2023-11-24 00:00:00+00:00,7.687801164,7.687801164,7.5345395331,7.5345395331,13807
2023-11-27 00:00:00+00:00,7.6927450876,7.6927450876,7.5543152274,7.6136423103,9833
2023-11-28 00:00:00+00:00,7.6927450876,7.7125207819,7.6433058518,7.6828572404,5776
2023-11-29 00:00:00+00:00,7.7322964762,7.9893805023,7.7224086291,7.7432719866,1443
2023-11-30 00:00:00+00:00,7.7530609552,7.9221431416,7.7322964762,7.7322964762,1253
2023-12-01 00:00:00+00:00,7.8311749478,7.910277725,7.653193699,7.910277725,77726
2023-12-04 00:00:00+00:00,7.9498291137,7.969604808,7.7866796356,7.8608384892,8728
2023-12-05 00:00:00+00:00,8.2157133237,8.2662402227,7.9893805023,7.9893805023,4415
2023-12-06 00:00:00+00:00,8.1179225153,8.2462667714,7.9497302352,7.9497302352,9279
2023-12-07 00:00:00+00:00,8.1212843833,8.1376982096,7.9893805023,8.0526627241,3100
2023-12-08 00:00:00+00:00,8.0289318909,8.0734272031,7.7718478648,7.7718478648,8815
2023-12-11 00:00:00+00:00,8.0190440437,8.0531571164,7.8016102848,8.0289318909,6607
2023-12-12 00:00:00+00:00,7.9201655722,8.0585954324,7.8806141836,7.8806141836,16998
2023-12-13 00:00:00+00:00,8.8150157398,8.8298475106,8.0684832795,8.0684832795,69472
2023-12-14 00:00:00+00:00,9.551660353,9.551660353,8.8001839691,8.8001839691,14248
2023-12-15 00:00:00+00:00,10.0163891693,10.3426881255,9.6703145188,9.6703145188,15461
2023-12-18 00:00:00+00:00,10.1449311823,10.2734731954,10.0806601758,10.2709023551,8205
2023-12-19 00:00:00+00:00,10.1894264946,10.1894264946,9.8977350034,10.1449311823,9101
2023-12-20 00:00:00+00:00,10.2734731954,10.2734731954,10.0856040994,10.0856040994,2657
2023-12-21 00:00:00+00:00,10.3031367369,10.3031367369,10.1745947238,10.1745947238,1642
2023-12-22 00:00:00+00:00,10.3328002783,10.3921273613,10.1548190295,10.1548190295,12124
2023-12-26 00:00:00+00:00,10.5305572214,10.5305572214,10.0461515893,10.0461515893,3818
2023-12-27 00:00:00+00:00,10.7184263174,10.9755103435,10.4811179857,10.4811179857,20499
2023-12-28 00:00:00+00:00,10.8469683304,10.8560651498,10.7184263174,10.723370241,4273
2023-12-29 00:00:00+00:00,10.8270937577,10.8370804833,10.7658879838,10.8370804833,4899
2024-01-02 00:00:00+00:00,10.9656224963,11.1673345783,10.7876412475,10.8766318719,11851
2024-01-03 00:00:00+00:00,10.9755103435,11.0645009679,10.8766318719,11.0546131207,26852
2024-01-04 00:00:00+00:00,11.112951419,11.3902799749,10.904955002,10.904955002,15196
2024-01-05 00:00:00+00:00,10.9445733671,11.0931422364,10.9445733671,10.9841917323,12983
2024-01-08 00:00:00+00:00,10.9445733671,11.04361928,10.9346687759,11.0337146887,5639
2024-01-09 00:00:00+00:00,10.9247641846,10.9643825497,10.8653366369,10.8653366369,8467
2024-01-10 00:00:00+00:00,11.0337146887,11.04361928,10.8950504107,10.9148595933,10126
2024-01-11 00:00:00+00:00,10.9247641846,11.0634284625,10.9247641846,11.0040009148,2303
2024-01-12 00:00:00+00:00,11.0236120056,11.0238100974,10.8653366369,10.8851458195,20158
2024-01-16 00:00:00+00:00,10.8653366369,11.0931422364,10.8653366369,11.0238100974,18257
2024-01-17 00:00:00+00:00,10.9247641846,10.9297164802,10.776591499,10.8653366369,29852
2024-01-18 00:00:00+00:00,10.8455274543,10.8851458195,10.8158136805,10.8455274543,3050
2024-01-19 00:00:00+00:00,10.9544779584,11.1525697841,10.7465805874,10.7465805874,41954
2024-01-22 00:00:00+00:00,11.1050277459,11.291234062,10.9165433738,10.9940963236,40208
2024-01-23 00:00:00+00:00,11.1822835579,11.2219019231,10.9940963236,10.9940963236,48336
2024-01-24 00:00:00+00:00,11.1921881492,11.2318065143,11.1327606015,11.1921881492,35382
2024-01-25 00:00:00+00:00,11.2119973318,11.2318065143,11.04361928,11.04361928,10332
2024-01-26 00:00:00+00:00,11.1921881492,11.2318065143,11.1426651928,11.1921881492,27703
2024-01-29 00:00:00+00:00,11.2813294708,11.3538310789,11.1030468277,11.1030468277,39569
2024-01-30 00:00:00+00:00,11.3011386533,11.3209478359,11.2758819455,11.3110432446,21282
2024-01-31 00:00:00+00:00,11.1723789666,11.3209478359,11.1723789666,11.3110432446,3860
2024-02-01 00:00:00+00:00,11.0740263752,11.2318065143,11.0733330538,11.2318065143,12616
2024-02-02 00:00:00+00:00,11.0139055061,11.0832376451,11.0139055061,11.0733330538,2280
2024-02-05 00:00:00+00:00,11.0238100974,11.1426651928,10.9247641846,11.0634284625,16439
2024-02-06 00:00:00+00:00,11.04361928,11.0733330538,10.9544779584,11.0733330538,16556
2024-02-07 00:00:00+00:00,11.1426651928,11.1426651928,10.9148595933,11.0139055061,27679
2024-02-08 00:00:00+00:00,11.1327606015,11.1426651928,10.9346687759,11.1426651928,27074
2024-02-09 00:00:00+00:00,11.1921881492,11.1921881492,11.0733330538,11.1426651928,8311
2024-02-12 00:00:00+00:00,11.1921881492,11.2714248795,11.1921881492,11.2219019231,11917
2024-02-13 00:00:00+00:00,11.2020927405,11.2813294708,10.9544779584,11.2713258336,11020
2024-02-14 00:00:00+00:00,10.9148595933,11.1327606015,10.9148595933,11.028762393,7105
2024-02-15 00:00:00+00:00,10.8455274543,11.1327606015,10.7167677677,10.7167677677,5924
2024-02-16 00:00:00+00:00,11.1327606015,11.1723789666,10.9405124847,10.9405124847,38448
2024-02-20 00:00:00+00:00,11.0931422364,11.1822835579,11.0635275085,11.1327606015,12917
2024-02-21 00:00:00+00:00,11.1426651928,11.2119973318,11.1327606015,11.1426651928,11807
2024-02-22 00:00:00+00:00,11.1327606015,11.3108451528,11.1327606015,11.1822835579,7803
2024-02-23 00:00:00+00:00,11.2813294708,11.3226316164,11.0932412823,11.2417111056,11024
2024-02-26 00:00:00+00:00,11.1921881492,11.2813294708,11.131076821,11.2714248795,19939
2024-02-27 00:00:00+00:00,11.4001845661,11.6359138387,11.1228560102,11.1228560102,89970
2024-02-28 00:00:00+00:00,11.6973223046,11.7171314872,11.4596121138,11.4596121138,63860
2024-02-29 00:00:00+00:00,11.7369406697,11.9746508605,11.7171314872,11.7666544436,59237
2024-03-01 00:00:00+00:00,11.6378947569,12.0736967734,11.6180855744,11.7567498523,46638
2024-03-04 00:00:00+00:00,11.5982763918,11.9251279041,11.1446461111,11.9251279041,57263
2024-03-05 00:00:00+00:00,11.7864636262,11.9151242669,11.5636103223,11.6378947569,130883
2024-03-06 00:00:00+00:00,11.2417111056,11.9304763834,11.1822835579,11.885509539,71900
2024-03-07 00:00:00+00:00,10.6969585851,11.3096566018,10.6177218548,11.1030468277,75363
2024-03-08 00:00:00+00:00,10.4790575769,10.9247641846,10.4295346205,10.7068631764,72448
2024-03-11 00:00:00+00:00,9.9838280127,10.3453455946,9.9541142389,10.2512519774,32449
2024-03-12 00:00:00+00:00,10.1423014733,10.1423014733,9.7857361871,9.8352591435,32583
2024-03-13 00:00:00+00:00,10.063064743,10.1423014733,10.0135417866,10.1423014733,8917
2024-03-14 00:00:00+00:00,9.8946866912,10.0927785169,9.8847820999,10.0927785169,5301
2024-03-15 00:00:00+00:00,10.063064743,10.1424005192,9.8748775086,9.8748775086,16120
2024-03-18 00:00:00+00:00,10.7662907241,10.8885133805,9.9045912825,10.0135417866,31259
2024-03-19 00:00:00+00:00,10.9544779584,11.04361928,10.8475083726,10.8653366369,32407
2024-03-20 00:00:00+00:00,10.8257182718,10.974287141,10.4790575769,10.8455274543,11344
2024-03-21 00:00:00+00:00,10.8752412282,10.9247641846,10.7860999066,10.7860999066,63435
2024-03-22 00:00:00+00:00,10.6861625806,10.8950504107,10.6861625806,10.8950504107,2579
2024-03-25 00:00:00+00:00,10.6177218548,10.8059090892,10.6177218548,10.8059090892,25569
2024-03-26 00:00:00+00:00,10.588008081,10.6672448112,10.5285805333,10.5483897158,11058
2024-03-27 00:00:00+00:00,10.6276264461,10.6870539938,10.4196300292,10.4196300292,8793
2024-03-28 00:00:00+00:00,10.4988667594,10.6375310374,10.4592483943,10.5384851246,9152
2024-04-01 00:00:00+00:00,10.2809657512,10.5314528648,10.2413473861,10.4790575769,19619
2024-04-02 00:00:00+00:00,10.2710611599,10.4245823248,10.1737980735,10.2439225798,14354
2024-04-03 00:00:00+00:00,10.3106795251,10.4196300292,10.2314427948,10.2314427948,8344
2024-04-04 00:00:00+00:00,10.2195572853,10.9041684044,10.2195572853,10.3088543878,11366
2024-04-05 00:00:00+00:00,10.497370493,10.5469799944,9.9318221772,10.209635385,213810
2024-04-08 00:00:00+00:00,10.6461989972,10.8147720829,10.5569018947,10.5569018947,10979
2024-04-09 00:00:00+00:00,10.5965894958,10.7305351495,10.5767456952,10.7305351495,13558
2024-04-10 00:00:00+00:00,10.1897915844,10.5569018947,10.1203382825,10.4924095429,40960
2024-04-11 00:00:00+00:00,10.1699477839,10.2691667867,10.0806506814,10.2352338877,63836
2024-04-12 00:00:00+00:00,9.9516659778,10.1401820831,9.8326031745,10.1203382825,49358
2024-04-15 00:00:00+00:00,9.5448680664,9.9020564764,9.4258052631,9.8921345761,28961
2024-04-16 00:00:00+00:00,9.5349461662,9.7332849527,9.5329617861,9.5448680664,18841
2024-04-17 00:00:00+00:00,9.9318221772,9.9318221772,9.6292042188,9.6292042188,2773
2024-04-18 00:00:00+00:00,9.67385277,10.03104118,9.67385277,9.9615878781,12308
2024-04-19 00:00:00+00:00,9.5448680664,9.67385277,9.4674772443,9.67385277,12814
2024-04-22 00:00:00+00:00,9.5250242659,9.7532279723,9.5051804653,9.5448680664,10128
2024-04-23 00:00:00+00:00,9.6881403064,9.7829936731,9.5845556675,9.5845556675,12086
2024-04-24 00:00:00+00:00,9.8326031745,9.921900277,9.7333841717,9.7978765235,913
2024-04-25 00:00:00+00:00,9.8326031745,9.8326031745,9.8326031745,9.8326031745,316
2024-04-26 00:00:00+00:00,9.9020564764,9.9020564764,9.7185013213,9.8028374736,8816
2024-04-29 00:00:00+00:00,9.9615878781,10.1203382825,9.7780327229,9.9119783767,8263
2024-04-30 00:00:00+00:00,9.9715097783,10.1203382825,9.9715097783,10.1203382825,8752
2024-05-01 00:00:00+00:00,9.8028374736,9.8921345761,9.5547899667,9.8425250747,13968
2024-05-02 00:00:00+00:00,9.8028374736,9.8375641246,9.8028374736,9.8127593739,1693
2024-05-03 00:00:00+00:00,9.7234622714,9.8028374736,9.6440870692,9.8028374736,10072
2024-05-06 00:00:00+00:00,9.7631498725,9.8722907756,9.6639308698,9.7333841717,10324
2024-05-07 00:00:00+00:00,9.6242432687,9.743306072,9.5547899667,9.7036184709,6412
2024-05-08 00:00:00+00:00,9.6837746703,9.743306072,9.67385277,9.67385277,2110
2024-05-09 00:00:00+00:00,9.6540089695,9.6935973516,9.5746337673,9.67385277,4260
2024-05-10 00:00:00+00:00,9.6043994681,9.7234622714,9.5795947174,9.5795947174,643
2024-05-13 00:00:00+00:00,9.6837746703,9.6837746703,9.5349461662,9.5845556675,7384
2024-05-14 00:00:00+00:00,9.6242432687,9.6639308698,9.4754147645,9.6639308698,14655
2024-05-15 00:00:00+00:00,9.5051804653,9.6639308698,9.5051804653,9.6639308698,3595
2024-05-16 00:00:00+00:00,9.5547899667,9.5845556675,9.4645998932,9.5349461662,3918
2024-05-17 00:00:00+00:00,9.6143213684,9.6143213684,9.6043994681,9.6043994681,861
2024-05-20 00:00:00+00:00,9.5051804653,9.5547899667,9.5051804653,9.5151023656,6206
2024-05-21 00:00:00+00:00,9.4456490637,9.5448680664,9.4435654646,9.4506100138,3278
2024-05-22 00:00:00+00:00,9.5547899667,9.5746337673,9.4258052631,9.5051804653,30319
2024-05-23 00:00:00+00:00,9.4258052631,9.5944775678,9.4258052631,9.5051804653,8395
2024-05-24 00:00:00+00:00,9.564711867,9.5746337673,9.4358263824,9.5746337673,6652
2024-05-28 00:00:00+00:00,9.5547899667,9.7234622714,9.5547899667,9.6688918199,9822
2024-05-29 00:00:00+00:00,9.7631498725,9.7631498725,9.4754147645,9.5448680664,24124
2024-05-30 00:00:00+00:00,9.7730717728,9.7730717728,9.6959786077,9.7631498725,1848
2024-05-31 00:00:00+00:00,9.6341651689,9.7333841717,9.6043994681,9.6936965706,5717
2024-06-03 00:00:00+00:00,9.7333841717,9.7333841717,9.4258052631,9.6043994681,3223
2024-06-04 00:00:00+00:00,9.6242432687,9.67385277,9.4952585651,9.5944775678,17721
2024-06-05 00:00:00+00:00,9.6341651689,10.0608068808,9.4158833628,10.0608068808,31761
2024-06-06 00:00:00+00:00,9.5696728171,9.6242432687,9.4010005124,9.5845556675,17471
2024-06-07 00:00:00+00:00,10.6958084986,11.1621378116,9.6163057484,9.6242432687,72758
2024-06-10 00:00:00+00:00,10.5468807754,10.8843246038,9.7234622714,10.7255741994,49009
2024-06-11 00:00:00+00:00,10.5172142936,10.5271361939,10.2493229861,10.2493229861,2450
2024-06-12 00:00:00+00:00,10.8247932022,10.9140903047,10.38822959,10.38822959,20636
2024-06-13 00:00:00+00:00,10.3485419889,10.8247932022,10.3485419889,10.7354960997,5613
2024-06-14 00:00:00+00:00,10.7354960997,10.7354960997,10.4477609916,10.4477609916,13295
2024-06-17 00:00:00+00:00,10.7950275013,10.8942465041,10.6958084986,10.8942465041,19481
2024-06-18 00:00:00+00:00,10.6065113961,10.7899673322,10.5965894958,10.7255741994,8506
2024-06-20 00:00:00+00:00,10.7851056011,10.9041684044,10.6164332963,10.7652618005,24269
2024-06-21 00:00:00+00:00,10.5965894958,10.7454179999,10.5965894958,10.6358802209,10858
2024-06-24 00:00:00+00:00,10.8148713019,10.8359057305,10.5271361939,10.566823795,11639
2024-06-25 00:00:00+00:00,10.7305351495,10.8843246038,10.6958084986,10.7961189104,7280
2024-06-26 00:00:00+00:00,10.497370493,10.6362770969,10.3981514903,10.4179952908,17703
2024-06-27 00:00:00+00:00,10.6164332963,10.6164332963,10.3683857894,10.38822959,1019
2024-06-28 00:00:00+00:00,10.675964698,10.7751837008,10.5172142936,10.5172142936,6859
2024-07-01 00:00:00+00:00,10.4626438421,10.7156522991,10.2840496371,10.7156522991,2806
2024-07-02 00:00:00+00:00,10.5965894958,10.8744027035,10.4378390914,10.6255614446,47048
2024-07-03 00:00:00+00:00,10.7851056011,10.9041684044,10.5172142936,10.5866675955,135003
2024-07-05 00:00:00+00:00,10.6243708166,10.8231429553,10.6094629062,10.8231429553,4386
2024-07-08 00:00:00+00:00,10.4852303194,10.6840024582,10.4255986778,10.6840024582,23522
2024-07-09 00:00:00+00:00,10.4454758917,10.6313278414,10.3361512154,10.5746777819,26175
2024-07-10 00:00:00+00:00,10.6144322096,10.6243708166,10.4678377573,10.4752917125,2020
2024-07-11 00:00:00+00:00,10.7734499206,10.7734499206,10.5249847472,10.5349233541,6588
2024-07-12 00:00:00+00:00,10.8231429553,10.8231429553,10.5846163888,10.6044936027,6666
2024-07-15 00:00:00+00:00,11.190871412,11.2803188745,10.8927132039,10.8927132039,154678
2024-07-16 00:00:00+00:00,11.8070650422,11.8789211703,11.3206696186,11.3300119092,48809
2024-07-17 00:00:00+00:00,11.8865738977,12.0257143948,11.7573720075,11.7573720075,9458
2024-07-18 00:00:00+00:00,12.1747934989,12.303896003,11.8468194699,11.8468194699,36028
2024-07-19 00:00:00+00:00,11.8766352907,12.1847321058,11.7573720075,11.9760213601,20725
2024-07-22 00:00:00+00:00,11.7871878283,11.7971264352,11.200810019,11.7076789728,17597
2024-07-23 00:00:00+00:00,11.836880863,11.836880863,11.7176175797,11.7673106144,2388
2024-07-24 00:00:00+00:00,11.5884156895,11.9063517255,11.5884156895,11.8527826341,7271
2024-07-25 00:00:00+00:00,11.1809328051,11.9064511116,11.041792308,11.9064511116,39326
2024-07-26 00:00:00+00:00,11.5570096916,11.6281701173,11.0815467357,11.3317014723,14194
2024-07-29 00:00:00+00:00,11.762341311,11.8865738977,11.3101346953,11.3101346953,10753
2024-07-30 00:00:00+00:00,12.0952846434,12.143486887,11.7275561867,11.7275561867,13383
2024-07-31 00:00:00+00:00,12.0455916087,12.1449776781,11.9263283254,12.1449776781,13256
2024-08-01 00:00:00+00:00,11.4514616859,11.9561441462,11.4514616859,11.9561441462,9311
2024-08-02 00:00:00+00:00,11.2206872328,11.4592137993,11.0815467357,11.3399505161,5304
2024-08-05 00:00:00+00:00,10.8678666865,11.031853701,10.5249847472,10.9424062386,16674
2024-08-06 00:00:00+00:00,11.0815467357,11.1140459804,10.9821606663,11.1140459804,3380
2024-08-07 00:00:00+00:00,11.1511169843,11.4194593716,11.0499419656,11.2505030537,8817
2024-08-08 00:00:00+00:00,11.3151039988,11.349889123,11.1411783773,11.2107486259,6146
2024-08-09 00:00:00+00:00,11.3101346953,11.3101346953,11.2206872328,11.2206872328,775
2024-08-12 00:00:00+00:00,11.200810019,11.3101346953,10.9821606663,11.3001960883,10050
2024-08-13 00:00:00+00:00,11.5486612618,11.5784770826,11.1014239496,11.1312397704,6803
2024-08-14 00:00:00+00:00,11.7673106144,11.8766352907,11.5784770826,11.5784770826,16111
2024-08-15 00:00:00+00:00,11.9859599671,12.1134722941,11.7275561867,11.9163897185,10421
2024-08-16 00:00:00+00:00,11.8753432718,12.0058371809,11.8070650422,11.8070650422,3660
2024-08-19 00:00:00+00:00,11.9462055393,12.0157757879,11.7473340145,11.7473340145,13365
2024-08-20 00:00:00+00:00,11.9153958578,12.0257143948,11.7474334005,11.7474334005,2370
2024-08-21 00:00:00+00:00,12.2543023544,12.3039953891,12.1449776781,12.154916285,28326
2024-08-22 00:00:00+00:00,12.2244865336,12.3735656376,12.2244865336,12.3238726029,8970
2024-08-23 00:00:00+00:00,12.3437498168,12.472951707,12.2642409613,12.2990260856,88575
2024-08-26 00:00:00+00:00,13.1785927996,13.3276719037,12.472951707,12.472951707,130931
2024-08-27 00:00:00+00:00,13.0295136955,13.2481630482,13.0295136955,13.0295136955,36015
2024-08-28 00:00:00+00:00,12.8804345915,13.268040262,12.8804345915,13.2084086204,185738
2024-08-29 00:00:00+00:00,13.268040262,13.4071807592,12.7512327013,13.0195750886,315809
2024-08-30 00:00:00+00:00,13.4171193661,13.5562598632,13.268040262,13.4171193661,126384
2024-09-03 00:00:00+00:00,13.3177332967,14.1326990656,13.3177332967,14.1326990656,90865
2024-09-04 00:00:00+00:00,13.277978869,13.4767510077,13.1388383718,13.4767510077,77832
2024-09-05 00:00:00+00:00,12.7214168805,13.109022551,12.1847321058,13.0195750886,122824
2024-09-06 00:00:00+00:00,12.5027675278,12.8406801637,12.3735656376,12.790987129,31154
2024-09-09 00:00:00+00:00,12.5922149903,12.7810485221,12.3301339253,12.5027675278,32301
2024-09-10 00:00:00+00:00,12.8208029498,12.8406801637,12.5226447417,12.5623991695,22722
2024-09-11 00:00:00+00:00,12.7711099151,12.8406801637,12.6518466319,12.6597975174,31195
2024-09-12 00:00:00+00:00,12.8506187706,12.9003118053,12.7711099151,12.8804345915,7282
2024-09-13 00:00:00+00:00,13.1686541927,13.1686541927,12.8904725845,12.9201890192,47548
2024-09-16 00:00:00+00:00,13.1139918545,13.4568737939,13.0891453372,13.3624570279,50052
2024-09-17 00:00:00+00:00,12.8108643429,13.3127639933,12.800925736,13.2879174759,27301
2024-09-18 00:00:00+00:00,12.9201890192,13.2581016551,12.7015396666,12.7015396666,24371
2024-09-19 00:00:00+00:00,13.4966282216,13.5065668285,12.95000484,12.95000484,32670
2024-09-20 00:00:00+00:00,13.2581016551,13.6258301118,13.1686541927,13.6059528979,26873
2024-09-23 00:00:00+00:00,13.1686541927,13.3276719037,13.118961158,13.3276719037,10539
2024-09-24 00:00:00+00:00,13.118961158,13.3674263314,13.0295136955,13.0295136955,12914
2024-09-25 00:00:00+00:00,13.2183472274,13.277978869,13.118961158,13.1885314065,14719
2024-09-26 00:00:00+00:00,13.2332551378,13.4171193661,13.1686541927,13.4171193661,15346
2024-09-27 00:00:00+00:00,12.95000484,13.3674263314,12.95000484,13.3674263314,23387
2024-09-30 00:00:00+00:00,13.1984700135,13.2879174759,12.9302270122,13.0394523025,27175
2024-10-01 00:00:00+00:00,13.1984700135,13.2879174759,12.959943447,13.2829481724,19884
2024-10-02 00:00:00+00:00,13.2183472274,13.2233165308,13.1239304614,13.1885314065,5812
2024-10-03 00:00:00+00:00,13.0593295163,13.2382244412,12.9201890192,13.2034393169,17811
2024-10-04 00:00:00+00:00,13.2362367198,13.2561408352,13.0371955662,13.0371955662,236678
2024-10-07 00:00:00+00:00,13.1665723161,13.6144149118,13.1665723161,13.2561408352,34663
2024-10-08 00:00:00+00:00,13.3855175851,13.4054217005,13.2461887775,13.2461887775,16873
2024-10-09 00:00:00+00:00,13.4651340466,13.5049422773,13.3357572967,13.4054217005,29037
2024-10-10 00:00:00+00:00,14.1816821998,14.4205315842,13.4253258158,13.4949902196,52971
2024-10-11 00:00:00+00:00,14.8783262377,15.6345831011,14.3508671805,14.3508671805,68875
2024-10-14 00:00:00+00:00,15.1072235644,15.702356614,15.0475112183,15.0475112183,21224
2024-10-15 00:00:00+00:00,14.7489494878,15.385781659,14.7489494878,15.1072235644,17723
2024-10-16 00:00:00+00:00,15.2813845739,15.5252099872,14.8484700647,14.8484700647,30475
2024-10-17 00:00:00+00:00,15.1918160548,15.5451141025,15.1370797375,15.405785295,11562
2024-10-18 00:00:00+00:00,15.2366003143,15.3361208912,14.9081824108,15.3261688335,28871
2024-10-21 00:00:00+00:00,15.0329812141,15.4455935257,14.9579426992,15.4256894103,17619
2024-10-22 00:00:00+00:00,14.490195988,15.0873194491,14.2413945459,15.0873194491,25580
2024-10-23 00:00:00+00:00,14.1717301421,14.6096206802,14.1319219114,14.6096206802,24077
2024-10-24 00:00:00+00:00,14.8285659493,14.9479906415,14.1717301421,14.4404356996,50563
2024-10-25 00:00:00+00:00,14.6394768533,14.9479906415,14.4105795266,14.8982303531,26173
2024-10-28 00:00:00+00:00,14.679285084,15.1071240439,14.6582862423,14.7987097762,24729
2024-10-29 00:00:00+00:00,14.7489494878,14.9231104973,14.7489494878,14.8086618339,23060
2024-10-30 00:00:00+00:00,15.1669359106,15.3460729489,14.7887577186,14.7987097762,63170
2024-10-31 00:00:00+00:00,14.9280865261,15.2565044297,14.8186138916,15.2266482567,17482
2024-11-01 00:00:00+00:00,15.1470317952,15.3709530931,14.6395763739,14.9081824108,35727
2024-11-04 00:00:00+00:00,14.9479906415,15.5252099872,14.86837418,15.1569838529,29611
2024-11-05 00:00:00+00:00,15.405785295,15.4256894103,15.0475112183,15.0475112183,15863
2024-11-06 00:00:00+00:00,15.9232922945,16.191997852,15.4455935257,15.6943949678,57742
2024-11-07 00:00:00+00:00,15.7939155446,16.0725731598,15.0873194491,16.0228128714,49353
2024-11-08 00:00:00+00:00,16.0228128714,16.0725731598,15.6326922102,15.8834840638,22847
2024-11-11 00:00:00+00:00,16.7841452842,16.9782104091,16.1123813905,16.1123813905,47570
2024-11-12 00:00:00+00:00,16.3412787173,16.8289295438,16.1671177078,16.8289295438,20049
2024-11-13 00:00:00+00:00,16.4507513518,16.7194569093,16.2783817127,16.5303678133,17603
2024-11-14 00:00:00+00:00,16.1820457943,16.4905595825,16.0825252175,16.4905595825,8632
2024-11-15 00:00:00+00:00,16.4308472364,16.4407992941,16.1223334482,16.2716143135,11150
2024-11-18 00:00:00+00:00,17.0777309859,17.0777309859,16.5204157556,16.5502719286,36034
2024-11-19 00:00:00+00:00,17.0976351013,17.2858285121,16.5104636979,16.918498063,16554
2024-11-20 00:00:00+00:00,17.0180186398,17.1672995051,16.5234013729,17.1672995051,12505
2024-11-21 00:00:00+00:00,16.948354236,17.1772515627,16.948354236,17.0180186398,10955
2024-11-22 00:00:00+00:00,17.0379227552,17.1175392166,16.6696966208,17.1175392166,113831
2024-11-25 00:00:00+00:00,17.5056694663,18.0231764659,17.0926590724,17.0926590724,130408
2024-11-26 00:00:00+00:00,17.3961968318,17.6051900432,16.8090254284,17.4658612356,24830
2024-11-27 00:00:00+00:00,17.8539914853,18.1983326811,17.3165803703,17.3165803703,35129
2024-11-29 00:00:00+00:00,17.9037517737,18.2918820234,17.7146626777,18.2918820234,18320
2024-12-02 00:00:00+00:00,17.70471062,17.9137038314,17.171777931,17.9137038314,31258
2024-12-03 00:00:00+00:00,17.2369639088,17.7942791392,17.1971556781,17.7445188507,7090
2024-12-04 00:00:00+00:00,17.7743750238,17.923655889,17.2071077358,17.3066283126,32163
2024-12-05 00:00:00+00:00,17.9435600044,18.0779127831,17.6806266404,17.9634641198,19451
2024-12-06 00:00:00+00:00,17.923655889,17.9535120621,17.6361409426,17.9435600044,31500
2024-12-09 00:00:00+00:00,15.973052583,17.7942791392,13.9826410461,16.9981145244,384577
2024-12-10 00:00:00+00:00,15.5053058718,16.4557273806,15.3261688335,16.0725731598,113000
2024-12-11 00:00:00+00:00,16.2218540251,16.392133732,15.594874391,15.7441552562,57390
2024-12-12 00:00:00+00:00,15.624730564,16.351230775,15.6064187779,16.1521896213,42034
2024-12-13 00:00:00+00:00,15.3162167758,15.7541073139,15.2764085451,15.6346826217,74511
2024-12-16 00:00:00+00:00,14.7489494878,15.3361208912,14.6096206802,14.6991891994,144115
2024-12-17 00:00:00+00:00,13.5347984504,13.7537437194,13.1864764314,13.2163326045,2102638
2024-12-18 00:00:00+00:00,13.1864764314,14.0622575076,13.1864764314,13.5347984504,307394
2024-12-19 00:00:00+00:00,13.1665723161,13.4054217005,12.9177708739,13.2660928929,258742
2024-12-20 00:00:00+00:00,13.514894335,13.7139354887,13.0073393931,13.0073393931,159710
2024-12-23 00:00:00+00:00,13.4651340466,13.8134560655,13.1964284891,13.3755655274,54910
2024-12-24 00:00:00+00:00,13.2561408352,13.6343190272,13.1864764314,13.4352778735,84568
2024-12-26 00:00:00+00:00,13.4054217005,13.514894335,13.0869558546,13.1964284891,31148
2024-12-27 00:00:00+00:00,13.5248463927,13.703983431,13.1964284891,13.703983431,58561
2024-12-30 00:00:00+00:00,13.3954696428,13.5646546234,13.2859970083,13.5347984504,99879
2024-12-31 00:00:00+00:00,13.7835998925,13.9527848731,13.3855175851,13.514894335,162082
2025-01-02 00:00:00+00:00,13.6542231426,14.0123976986,13.420349787,13.8831204693,90127
2025-01-03 00:00:00+00:00,13.6343190272,13.7736478348,13.3954696428,13.7537437194,129044
2025-01-06 00:00:00+00:00,14.1319219114,14.2612986613,13.6343190272,13.7636957771,208857
2025-01-07 00:00:00+00:00,13.5845587388,14.2314424882,13.544750508,14.2314424882,115688
2025-01-08 00:00:00+00:00,13.5049422773,13.6144149118,13.2461887775,13.6044628542,68661
2025-01-10 00:00:00+00:00,13.3825319678,13.4972251494,13.1199633026,13.4024612782,61044
2025-01-13 00:00:00+00:00,13.4024612782,13.4722138648,13.1433802424,13.2430267946,69055
2025-01-14 00:00:00+00:00,13.5419664514,13.6615423141,13.1732742081,13.4522845544,54106
2025-01-15 00:00:00+00:00,13.6216836932,13.8010474873,13.4722138648,13.8010474873,58494
2025-01-16 00:00:00+00:00,13.2529914499,13.6515776589,13.2430267946,13.6515776589,60775
2025-01-17 00:00:00+00:00,13.2629561051,13.4323552439,13.213132829,13.3426733469,83717
2025-01-21 00:00:00+00:00,13.6615423141,13.6814716246,13.3327086917,13.3327086917,52709
2025-01-22 00:00:00+00:00,13.5320017962,13.6216836932,13.3825319678,13.6216836932,21617
2025-01-23 00:00:00+00:00,13.1932035185,13.5270194686,13.1732742081,13.3825319678,47666
2025-01-24 00:00:00+00:00,13.2230974842,13.4423198991,13.1035216215,13.4423198991,49579
2025-01-27 00:00:00+00:00,13.392496623,13.4024612782,13.1035216215,13.3526380021,78449
2025-01-28 00:00:00+00:00,13.4024612782,13.611719038,13.3944895541,13.5120724857,59875
2025-01-29 00:00:00+00:00,13.2330621394,13.4522845544,13.1633095528,13.3725673126,43680
2025-01-30 00:00:00+00:00,13.4223905887,13.546948779,13.2629561051,13.3077970536,76413
2025-01-31 00:00:00+00:00,13.791082832,13.9505173156,13.3227440364,13.4373375715,188030
2025-02-03 00:00:00+00:00,13.6515776589,13.8757824015,13.0138397245,13.4323552439,150604
2025-02-04 00:00:00+00:00,14.2992802485,14.408891456,13.6416130037,13.6416130037,172603
2025-02-05 00:00:00+00:00,14.0401992127,14.3989268008,13.9256056776,14.2992802485,98689
2025-02-06 00:00:00+00:00,14.1498104202,14.2195630067,13.9106586947,14.099987144,78665
2025-02-07 00:00:00+00:00,13.9505173156,14.1797043858,13.7711535216,14.099987144,51804
2025-02-10 00:00:00+00:00,13.8409061082,14.099987144,13.701400935,13.701400935,91643
2025-02-11 00:00:00+00:00,13.7113655902,13.8369202461,13.5718604171,13.7711535216,89503
2025-02-12 00:00:00+00:00,13.5718604171,13.701400935,13.3526380021,13.6017543828,80788
2025-02-13 00:00:00+00:00,13.6316483484,13.7811181768,13.3127793812,13.6017543828,71967
2025-02-14 00:00:00+00:00,13.611719038,13.7761358492,13.4921431753,13.7711535216,39441
2025-02-18 00:00:00+00:00,13.4921431753,13.8110121425,13.4323552439,13.6216836932,95906
2025-02-19 00:00:00+00:00,13.3426733469,13.4223905887,13.0387513625,13.4223905887,75122
2025-02-20 00:00:00+00:00,13.1334155872,13.4024612782,13.0238043797,13.392496623,43319
2025-02-21 00:00:00+00:00,12.6451474811,13.0536983454,12.6052888602,13.0536983454,115671
2025-02-24 00:00:00+00:00,12.595324205,12.7547586886,12.3362431691,12.7547586886,91175
2025-02-25 00:00:00+00:00,12.8842992065,12.9440871379,12.5255716184,12.6451474811,87037
2025-02-26 00:00:00+00:00,12.8145466199,13.1732742081,12.8145466199,12.8932673962,29508
2025-02-27 00:00:00+00:00,12.6152535154,12.883302741,12.5255716184,12.883302741,78906
2025-02-28 00:00:00+00:00,12.4458543766,12.6252181707,12.3163138587,12.4956776527,32469
2025-03-03 00:00:00+00:00,12.0771621333,12.5669249376,11.9575862706,12.4558190318,90236
2025-03-04 00:00:00+00:00,11.8778690288,12.0273388571,11.3896009227,12.0173742019,173127
2025-03-05 00:00:00+00:00,10.3931354002,11.4394241988,10.253630227,11.2102371286,569382
2025-03-06 00:00:00+00:00,10.6322871256,10.6621810912,9.7255035001,10.253630227,382686
2025-03-07 00:00:00+00:00,10.4828172972,10.7319336778,10.0643017777,10.5724991942,193891
2025-03-10 00:00:00+00:00,9.9048672941,10.4329940211,9.8072136729,10.4329940211,239759
2025-03-11 00:00:00+00:00,10.0144785016,10.3233828136,9.944725915,9.9646552255,160711
2025-03-12 00:00:00+00:00,9.944725915,10.0493547949,9.8749733284,10.0144785016,37675
2025-03-13 00:00:00+00:00,9.8450793628,10.0892134158,9.7852914314,9.9746198807,63849
2025-03-14 00:00:00+00:00,10.2735595375,10.3234824601,9.9148319493,9.9148319493,65175
2025-03-17 00:00:00+00:00,10.4230293658,10.6023931599,10.2237362613,10.2237362613,72375
2025-03-18 00:00:00+00:00,10.3233828136,10.4628879867,10.253630227,10.4329940211,48267
2025-03-19 00:00:00+00:00,10.3831707449,10.4927819524,10.1838776404,10.3134181584,37490
2025-03-20 00:00:00+00:00,10.2934888479,10.4529233315,10.253630227,10.3333474688,22339
2025-03-21 00:00:00+00:00,10.0742664329,10.2586125546,10.0643017777,10.2137716061,89356
2025-03-24 00:00:00+00:00,10.2735595375,10.5127112629,10.1838776404,10.1838776404,56094
2025-03-25 00:00:00+00:00,10.1938422956,10.4479410039,10.16394833,10.4130647106,25473
2025-03-26 00:00:00+00:00,10.1838776404,10.2237362613,10.0889144761,10.1838776404,26006
2025-03-27 00:00:00+00:00,9.9845845359,10.1988246233,9.9098496217,10.1141250538,51149
2025-03-28 00:00:00+00:00,9.8650086732,9.9545909237,9.7255035001,9.9148319493,48746
2025-03-31 00:00:00+00:00,10.3233828136,10.3732060897,9.765362121,9.7753267762,122910
2025-04-01 00:00:00+00:00,10.1938422956,10.343312124,10.1340543643,10.343312124,43460
2025-04-02 00:00:00+00:00,10.2137716061,10.253630227,9.9646552255,10.1838776404,80189
2025-04-03 00:00:00+00:00,9.5959629821,10.1771016749,9.546139706,9.9646552255,141667
2025-04-04 00:00:00+00:00,9.1754545316,9.4050904992,8.6962142514,9.4050904992,425198
2025-04-07 00:00:00+00:00,9.0157077715,9.2752962566,8.4965308013,8.7860718039,152197
2025-04-08 00:00:00+00:00,8.8759293565,9.5648372593,8.7361509414,9.2653120841,78202
2025-04-09 00:00:00+00:00,9.8843307794,9.8843307794,8.5384643258,8.865945184,156150
2025-04-10 00:00:00+00:00,9.0356761165,9.5947897768,9.0051245487,9.5947897768,43369
2025-04-11 00:00:00+00:00,9.3352012917,9.3751379817,8.9158660465,9.0955811516,27198
2025-04-14 00:00:00+00:00,9.6297343806,9.6946315018,9.3651538092,9.3651538092,39044
2025-04-15 00:00:00+00:00,9.7046156743,9.994156677,9.6546948118,9.6546948118,33830
2025-04-16 00:00:00+00:00,9.7245840194,9.7445523644,9.5698293455,9.6946315018,43427
2025-04-17 00:00:00+00:00,11.20224155,11.3106696634,9.8044573994,9.8044573994,151521
2025-04-21 00:00:00+00:00,10.7629379598,11.1123839975,10.5832228547,10.9726055824,96019
2025-04-22 00:00:00+00:00,11.0025580999,11.1722890325,10.8428113399,11.1523206875,104038
2025-04-23 00:00:00+00:00,11.1073919112,11.6315609677,11.0225264449,11.3919408276,55030
2025-04-24 00:00:00+00:00,11.3320357926,11.3619883101,11.070450473,11.1028990336,53537
2025-04-25 00:00:00+00:00,10.8128588223,11.4518458626,10.7379775286,11.4318775176,189174
2025-04-28 00:00:00+00:00,11.0225264449,11.1473286012,10.7829063048,10.7829063048,91112
2025-04-29 00:00:00+00:00,11.3320357926,11.4997698906,11.0624631349,11.0624631349,43026
2025-04-30 00:00:00+00:00,11.0624631349,11.222209895,10.9327687341,11.1123839975,46527
2025-05-01 00:00:00+00:00,11.1922573775,11.3078740951,11.0172348335,11.0172348335,30074
2025-05-02 00:00:00+00:00,11.24217824,11.4518458626,11.2122257225,11.3819566551,29170
2025-05-05 00:00:00+00:00,11.08243148,11.28211493,11.08243148,11.1672969462,33757
2025-05-06 00:00:00+00:00,11.0325106174,11.1573127737,10.9326688924,11.0724473075,37485
2025-05-07 00:00:00+00:00,11.0225264449,11.3520041376,10.9326688924,11.0724473075,14569
2025-05-08 00:00:00+00:00,11.1323523425,11.4817983801,11.0325106174,11.0325106174,35817
2025-05-09 00:00:00+00:00,11.0624631349,11.2122257225,11.0624631349,11.16230486,13614
2025-05-12 00:00:00+00:00,11.1722890325,11.5417034152,11.1323523425,11.1323523425,46497
2025-05-13 00:00:00+00:00,11.4318775176,11.6016084502,11.222209895,11.28211493,37259
2025-05-14 00:00:00+00:00,11.3320357926,11.5117508977,11.182273205,11.5117508977,19519
2025-05-15 00:00:00+00:00,11.0724473075,11.3420199651,11.0125422724,11.3420199651,19492
2025-05-16 00:00:00+00:00,11.2321940675,11.3020832751,11.1173760837,11.20224155,36813
2025-05-19 00:00:00+00:00,11.5217350702,11.6515293127,11.1524205292,11.2122257225,18278
2025-05-20 00:00:00+00:00,11.5217350702,11.6016084502,11.28211493,11.4817983801,25144
2025-05-21 00:00:00+00:00,11.3619883101,11.6665055715,11.2970911888,11.4218933451,44527
2025-05-22 00:00:00+00:00,11.5816401052,11.6615134852,11.1523206875,11.1523206875,21459
2025-05-23 00:00:00+00:00,11.6615134852,11.7813235553,11.4318775176,11.4318775176,38960
2025-05-27 00:00:00+00:00,11.8611969353,11.9810070054,11.7710398576,11.8312444178,20180
2025-05-28 00:00:00+00:00,11.7913077278,11.9011336253,11.7014501752,11.8611969353,11254
2025-05-29 00:00:00+00:00,11.7613552103,11.9810070054,11.5516875877,11.9011336253,19849
2025-05-30 00:00:00+00:00,11.6115926227,11.796299814,11.5117508977,11.7314026927,24440
2025-06-02 00:00:00+00:00,11.2521624125,11.4917825526,11.12236817,11.4917825526,34931
2025-06-03 00:00:00+00:00,11.5417034152,11.8112760728,11.24217824,11.3220516201,126016
2025-06-04 00:00:00+00:00,10.7928904773,11.7314026927,10.6730804073,11.7214185202,179546
2025-06-05 00:00:00+00:00,10.3835394046,10.8328271673,10.3535868871,10.6630962348,228161
2025-06-06 00:00:00+00:00,10.3735552321,10.6830645798,10.3735552321,10.5233178197,67594
2025-06-09 00:00:00+00:00,11.1323523425,11.1323523425,10.508341561,10.5333019922,69589
2025-06-10 00:00:00+00:00,11.20224155,11.2721307575,10.9626214099,10.9626214099,115412
2025-06-11 00:00:00+00:00,11.1523206875,11.3020832751,11.1523206875,11.24217824,122539
2025-06-12 00:00:00+00:00,11.2321940675,11.262146585,11.0524789624,11.16230486,32944
2025-06-13 00:00:00+00:00,11.0125422724,11.3120674476,10.9077084611,11.0924156525,124723
2025-06-16 00:00:00+00:00,11.16230486,11.24217824,11.102399825,11.1323523425,53501
2025-06-17 00:00:00+00:00,11.1523206875,11.24217824,11.0924156525,11.1323523425,202478
2025-06-18 00:00:00+00:00,11.182273205,11.3769645688,11.08243148,11.1523206875,27030
2025-06-20 00:00:00+00:00,11.2721307575,11.2721307575,11.1523206875,11.182273205,65189
2025-06-23 00:00:00+00:00,11.3320357926,11.3819566551,11.1323523425,11.2321940675,64053
2025-06-24 00:00:00+00:00,11.4718142076,11.5417034152,11.3209533611,11.3819566551,51596
2025-06-25 00:00:00+00:00,11.262146585,11.4019250001,11.24217824,11.4019250001,24411
2025-06-26 00:00:00+00:00,11.5117508977,11.5117508977,11.2321940675,11.3020832751,33601
2025-06-27 00:00:00+00:00,11.3919408276,11.5417034152,11.3320357926,11.5317192427,39733
2025-06-30 00:00:00+00:00,11.3819566551,11.5317192427,11.3320357926,11.5317192427,11381
2025-07-01 00:00:00+00:00,11.4418616901,11.5916242777,11.3320357926,11.4318775176,31639
2025-07-02 00:00:00+00:00,11.6016084502,11.7314026927,11.4218933451,11.7314026927,26147
2025-07-03 00:00:00+00:00,11.6,11.75,11.56,11.62,21229
2025-07-07 00:00:00+00:00,11.62,11.73,11.53,11.53,37639
2025-07-08 00:00:00+00:00,11.7,11.75,11.6,11.64,24856
2025-07-09 00:00:00+00:00,11.69,11.8,11.65,11.75,43059
2025-07-10 00:00:00+00:00,11.76,11.775,11.7,11.74,20501
2025-07-11 00:00:00+00:00,11.64,11.75,11.6,11.71,65723
2025-07-14 00:00:00+00:00,11.38,11.664,11.35,11.66,118972
2025-07-15 00:00:00+00:00,11.42,11.5,11.27,11.5,37259
2025-07-16 00:00:00+00:00,11.55,11.57,11.31,11.42,87238
2025-07-17 00:00:00+00:00,11.56,11.75,11.53,11.58,22486
2025-07-18 00:00:00+00:00,11.55,11.62,11.497,11.56,28403
2025-07-21 00:00:00+00:00,11.55,11.605,11.55,11.55,19053
2025-07-22 00:00:00+00:00,11.58,11.65,11.5,11.59,25565
2025-07-23 00:00:00+00:00,11.72,11.77,11.625,11.71,29184
2025-07-24 00:00:00+00:00,11.58,11.75,11.58,11.75,22419
2025-07-25 00:00:00+00:00,11.57,11.65,11.55,11.6,34596
2025-07-28 00:00:00+00:00,11.6,11.68,11.56,11.6,14199
2025-07-29 00:00:00+00:00,11.7,11.76,11.57,11.57,16314
2025-07-30 00:00:00+00:00,11.8,11.81,11.69,11.74,66681
2025-07-31 00:00:00+00:00,11.82,11.94,11.7,11.74,89660
2025-08-01 00:00:00+00:00,11.37,11.79,11.34,11.67,75773
2025-08-04 00:00:00+00:00,11.02,11.7,11.0,11.46,65713
2025-08-05 00:00:00+00:00,11.12,11.36,11.055,11.17,19796
2025-08-06 00:00:00+00:00,11.08,11.15,11.04,11.12,39295
2025-08-07 00:00:00+00:00,10.52,11.16,10.52,11.16,121840
2025-08-08 00:00:00+00:00,10.26,10.685,10.17,10.6,153585
2025-08-11 00:00:00+00:00,10.1,10.33,10.1,10.32,84591
2025-08-12 00:00:00+00:00,10.38,10.43,10.1,10.16,297461
2025-08-13 00:00:00+00:00,10.65,10.65,10.24,10.38,140187
2025-08-14 00:00:00+00:00,10.54,10.69,10.5,10.6,82309
2025-08-15 00:00:00+00:00,10.78,10.845,10.58,10.62,66678
2025-08-18 00:00:00+00:00,10.65,10.8,10.54,10.8,46348
2025-08-19 00:00:00+00:00,10.72,10.85,10.57,10.65,89901
2025-08-20 00:00:00+00:00,10.75,10.86,10.47,10.74,146748
2025-08-21 00:00:00+00:00,10.77,10.81,10.51,10.65,83797
2025-08-22 00:00:00+00:00,10.93,11.0599,10.63,10.77,124148
2025-08-25 00:00:00+00:00,10.65,10.9,10.61,10.9,47920
2025-08-26 00:00:00+00:00,10.9,11.15,10.62,10.7,186024
2025-08-27 00:00:00+00:00,11.23,11.29,10.81,10.89,241746
2025-08-28 00:00:00+00:00,10.9,11.285,10.9,11.26,77385
2025-08-29 00:00:00+00:00,10.97,11.045,10.785,10.9218,45624
